id,artist,city,venue,start_time,end_time,ticket_type,total_seats,remaining_seats,price,created_at
1,周杰伦,深圳,深圳大运中心体育馆,2026-06-27 19:30:00,2026-06-27 22:00:00,看台,379,240,380.0,2026-06-20 00:00:00
2,周杰伦,深圳,深圳大运中心体育馆,2026-06-27 19:30:00,2026-06-27 22:00:00,内场,451,429,980.0,2026-06-20 00:00:00
3,周杰伦,深圳,深圳大运中心体育馆,2026-06-27 19:30:00,2026-06-27 22:00:00,VIP,434,287,1580.0,2026-06-20 00:00:00
4,周杰伦,深圳,深圳大运中心体育馆,2026-07-04 19:30:00,2026-07-04 22:00:00,看台,487,242,380.0,2026-06-20 00:00:00
5,周杰伦,深圳,深圳大运中心体育馆,2026-07-04 19:30:00,2026-07-04 22:00:00,内场,300,269,980.0,2026-06-20 00:00:00
6,周杰伦,深圳,深圳大运中心体育馆,2026-07-04 19:30:00,2026-07-04 22:00:00,VIP,494,385,1580.0,2026-06-20 00:00:00
7,周杰伦,深圳,深圳大运中心体育馆,2026-07-11 19:30:00,2026-07-11 22:00:00,看台,394,19,380.0,2026-06-20 00:00:00
8,周杰伦,深圳,深圳大运中心体育馆,2026-07-11 19:30:00,2026-07-11 22:00:00,内场,486,407,980.0,2026-06-20 00:00:00
9,周杰伦,深圳,深圳大运中心体育馆,2026-07-11 19:30:00,2026-07-11 22:00:00,VIP,422,174,1580.0,2026-06-20 00:00:00
10,周杰伦,深圳,深圳大运中心体育馆,2026-07-18 19:30:00,2026-07-18 22:00:00,看台,332,285,380.0,2026-06-20 00:00:00
11,周杰伦,深圳,深圳大运中心体育馆,2026-07-18 19:30:00,2026-07-18 22:00:00,内场,498,107,980.0,2026-06-20 00:00:00
12,周杰伦,深圳,深圳大运中心体育馆,2026-07-18 19:30:00,2026-07-18 22:00:00,VIP,568,519,1580.0,2026-06-20 00:00:00
13,周杰伦,深圳,深圳大运中心体育馆,2026-07-25 19:30:00,2026-07-25 22:00:00,看台,582,167,380.0,2026-06-20 00:00:00
14,周杰伦,深圳,深圳大运中心体育馆,2026-07-25 19:30:00,2026-07-25 22:00:00,内场,444,175,980.0,2026-06-20 00:00:00
15,周杰伦,深圳,深圳大运中心体育馆,2026-07-25 19:30:00,2026-07-25 22:00:00,VIP,509,338,1580.0,2026-06-20 00:00:00
16,周杰伦,广州,广州天河体育场,2026-06-27 19:30:00,2026-06-27 22:00:00,看台,464,66,380.0,2026-06-20 00:00:00
17,周杰伦,广州,广州天河体育场,2026-06-27 19:30:00,2026-06-27 22:00:00,内场,349,277,980.0,2026-06-20 00:00:00
18,周杰伦,广州,广州天河体育场,2026-06-27 19:30:00,2026-06-27 22:00:00,VIP,334,32,1580.0,2026-06-20 00:00:00
19,周杰伦,广州,广州天河体育场,2026-07-04 19:30:00,2026-07-04 22:00:00,看台,366,101,380.0,2026-06-20 00:00:00
20,周杰伦,广州,广州天河体育场,2026-07-04 19:30:00,2026-07-04 22:00:00,内场,316,113,980.0,2026-06-20 00:00:00
21,周杰伦,广州,广州天河体育场,2026-07-04 19:30:00,2026-07-04 22:00:00,VIP,354,258,1580.0,2026-06-20 00:00:00
22,周杰伦,广州,广州天河体育场,2026-07-11 19:30:00,2026-07-11 22:00:00,看台,398,60,380.0,2026-06-20 00:00:00
23,周杰伦,广州,广州天河体育场,2026-07-11 19:30:00,2026-07-11 22:00:00,内场,316,302,980.0,2026-06-20 00:00:00
24,周杰伦,广州,广州天河体育场,2026-07-11 19:30:00,2026-07-11 22:00:00,VIP,498,346,1580.0,2026-06-20 00:00:00
25,周杰伦,广州,广州天河体育场,2026-07-18 19:30:00,2026-07-18 22:00:00,看台,550,548,380.0,2026-06-20 00:00:00
26,周杰伦,广州,广州天河体育场,2026-07-18 19:30:00,2026-07-18 22:00:00,内场,431,35,980.0,2026-06-20 00:00:00
27,周杰伦,广州,广州天河体育场,2026-07-18 19:30:00,2026-07-18 22:00:00,VIP,487,123,1580.0,2026-06-20 00:00:00
28,周杰伦,广州,广州天河体育场,2026-07-25 19:30:00,2026-07-25 22:00:00,看台,336,16,380.0,2026-06-20 00:00:00
29,周杰伦,广州,广州天河体育场,2026-07-25 19:30:00,2026-07-25 22:00:00,内场,406,345,980.0,2026-06-20 00:00:00
30,周杰伦,广州,广州天河体育场,2026-07-25 19:30:00,2026-07-25 22:00:00,VIP,551,91,1580.0,2026-06-20 00:00:00
31,周杰伦,上海,上海体育场,2026-06-27 19:30:00,2026-06-27 22:00:00,看台,539,72,480.0,2026-06-20 00:00:00
32,周杰伦,上海,上海体育场,2026-06-27 19:30:00,2026-06-27 22:00:00,内场,484,295,1120.0,2026-06-20 00:00:00
33,周杰伦,上海,上海体育场,2026-06-27 19:30:00,2026-06-27 22:00:00,VIP,512,430,1760.0,2026-06-20 00:00:00
34,周杰伦,上海,上海体育场,2026-07-04 19:30:00,2026-07-04 22:00:00,看台,488,416,480.0,2026-06-20 00:00:00
35,周杰伦,上海,上海体育场,2026-07-04 19:30:00,2026-07-04 22:00:00,内场,329,325,1120.0,2026-06-20 00:00:00
36,周杰伦,上海,上海体育场,2026-07-04 19:30:00,2026-07-04 22:00:00,VIP,436,280,1760.0,2026-06-20 00:00:00
37,周杰伦,上海,上海体育场,2026-07-11 19:30:00,2026-07-11 22:00:00,看台,320,46,480.0,2026-06-20 00:00:00
38,周杰伦,上海,上海体育场,2026-07-11 19:30:00,2026-07-11 22:00:00,内场,455,49,1120.0,2026-06-20 00:00:00
39,周杰伦,上海,上海体育场,2026-07-11 19:30:00,2026-07-11 22:00:00,VIP,410,275,1760.0,2026-06-20 00:00:00
40,周杰伦,上海,上海体育场,2026-07-18 19:30:00,2026-07-18 22:00:00,看台,349,61,480.0,2026-06-20 00:00:00
41,周杰伦,上海,上海体育场,2026-07-18 19:30:00,2026-07-18 22:00:00,内场,418,282,1120.0,2026-06-20 00:00:00
42,周杰伦,上海,上海体育场,2026-07-18 19:30:00,2026-07-18 22:00:00,VIP,497,107,1760.0,2026-06-20 00:00:00
43,周杰伦,上海,上海体育场,2026-07-25 19:30:00,2026-07-25 22:00:00,看台,398,279,480.0,2026-06-20 00:00:00
44,周杰伦,上海,上海体育场,2026-07-25 19:30:00,2026-07-25 22:00:00,内场,427,301,1120.0,2026-06-20 00:00:00
45,周杰伦,上海,上海体育场,2026-07-25 19:30:00,2026-07-25 22:00:00,VIP,391,295,1760.0,2026-06-20 00:00:00
46,周杰伦,北京,国家体育场（鸟巢）,2026-06-27 19:30:00,2026-06-27 22:00:00,看台,585,435,480.0,2026-06-20 00:00:00
47,周杰伦,北京,国家体育场（鸟巢）,2026-06-27 19:30:00,2026-06-27 22:00:00,内场,354,336,1120.0,2026-06-20 00:00:00
48,周杰伦,北京,国家体育场（鸟巢）,2026-06-27 19:30:00,2026-06-27 22:00:00,VIP,595,376,1760.0,2026-06-20 00:00:00
49,周杰伦,北京,国家体育场（鸟巢）,2026-07-04 19:30:00,2026-07-04 22:00:00,看台,534,447,480.0,2026-06-20 00:00:00
50,周杰伦,北京,国家体育场（鸟巢）,2026-07-04 19:30:00,2026-07-04 22:00:00,内场,353,95,1120.0,2026-06-20 00:00:00
51,周杰伦,北京,国家体育场（鸟巢）,2026-07-04 19:30:00,2026-07-04 22:00:00,VIP,392,291,1760.0,2026-06-20 00:00:00
52,周杰伦,北京,国家体育场（鸟巢）,2026-07-11 19:30:00,2026-07-11 22:00:00,看台,505,268,480.0,2026-06-20 00:00:00
53,周杰伦,北京,国家体育场（鸟巢）,2026-07-11 19:30:00,2026-07-11 22:00:00,内场,472,346,1120.0,2026-06-20 00:00:00
54,周杰伦,北京,国家体育场（鸟巢）,2026-07-11 19:30:00,2026-07-11 22:00:00,VIP,380,283,1760.0,2026-06-20 00:00:00
55,周杰伦,北京,国家体育场（鸟巢）,2026-07-18 19:30:00,2026-07-18 22:00:00,看台,526,370,480.0,2026-06-20 00:00:00
56,周杰伦,北京,国家体育场（鸟巢）,2026-07-18 19:30:00,2026-07-18 22:00:00,内场,461,291,1120.0,2026-06-20 00:00:00
57,周杰伦,北京,国家体育场（鸟巢）,2026-07-18 19:30:00,2026-07-18 22:00:00,VIP,466,442,1760.0,2026-06-20 00:00:00
58,周杰伦,北京,国家体育场（鸟巢）,2026-07-25 19:30:00,2026-07-25 22:00:00,看台,490,221,480.0,2026-06-20 00:00:00
59,周杰伦,北京,国家体育场（鸟巢）,2026-07-25 19:30:00,2026-07-25 22:00:00,内场,520,432,1120.0,2026-06-20 00:00:00
60,周杰伦,北京,国家体育场（鸟巢）,2026-07-25 19:30:00,2026-07-25 22:00:00,VIP,465,321,1760.0,2026-06-20 00:00:00
61,刀郎,广州,广州体育馆,2026-06-27 19:30:00,2026-06-27 22:00:00,看台,423,298,280.0,2026-06-20 00:00:00
62,刀郎,广州,广州体育馆,2026-06-27 19:30:00,2026-06-27 22:00:00,内场,579,229,680.0,2026-06-20 00:00:00
63,刀郎,广州,广州体育馆,2026-06-27 19:30:00,2026-06-27 22:00:00,VIP,492,402,1080.0,2026-06-20 00:00:00
64,刀郎,广州,广州体育馆,2026-07-04 19:30:00,2026-07-04 22:00:00,看台,581,270,280.0,2026-06-20 00:00:00
65,刀郎,广州,广州体育馆,2026-07-04 19:30:00,2026-07-04 22:00:00,内场,484,241,680.0,2026-06-20 00:00:00
66,刀郎,广州,广州体育馆,2026-07-04 19:30:00,2026-07-04 22:00:00,VIP,529,416,1080.0,2026-06-20 00:00:00
67,刀郎,广州,广州体育馆,2026-07-11 19:30:00,2026-07-11 22:00:00,看台,300,27,280.0,2026-06-20 00:00:00
68,刀郎,广州,广州体育馆,2026-07-11 19:30:00,2026-07-11 22:00:00,内场,445,315,680.0,2026-06-20 00:00:00
69,刀郎,广州,广州体育馆,2026-07-11 19:30:00,2026-07-11 22:00:00,VIP,308,275,1080.0,2026-06-20 00:00:00
70,刀郎,广州,广州体育馆,2026-07-18 19:30:00,2026-07-18 22:00:00,看台,369,164,280.0,2026-06-20 00:00:00
71,刀郎,广州,广州体育馆,2026-07-18 19:30:00,2026-07-18 22:00:00,内场,303,163,680.0,2026-06-20 00:00:00
72,刀郎,广州,广州体育馆,2026-07-18 19:30:00,2026-07-18 22:00:00,VIP,413,119,1080.0,2026-06-20 00:00:00
73,刀郎,广州,广州体育馆,2026-07-25 19:30:00,2026-07-25 22:00:00,看台,461,21,280.0,2026-06-20 00:00:00
74,刀郎,广州,广州体育馆,2026-07-25 19:30:00,2026-07-25 22:00:00,内场,441,293,680.0,2026-06-20 00:00:00
75,刀郎,广州,广州体育馆,2026-07-25 19:30:00,2026-07-25 22:00:00,VIP,561,168,1080.0,2026-06-20 00:00:00
76,刀郎,深圳,深圳体育馆,2026-06-27 19:30:00,2026-06-27 22:00:00,看台,348,29,280.0,2026-06-20 00:00:00
77,刀郎,深圳,深圳体育馆,2026-06-27 19:30:00,2026-06-27 22:00:00,内场,535,374,680.0,2026-06-20 00:00:00
78,刀郎,深圳,深圳体育馆,2026-06-27 19:30:00,2026-06-27 22:00:00,VIP,379,80,1080.0,2026-06-20 00:00:00
79,刀郎,深圳,深圳体育馆,2026-07-04 19:30:00,2026-07-04 22:00:00,看台,435,197,280.0,2026-06-20 00:00:00
80,刀郎,深圳,深圳体育馆,2026-07-04 19:30:00,2026-07-04 22:00:00,内场,598,265,680.0,2026-06-20 00:00:00
81,刀郎,深圳,深圳体育馆,2026-07-04 19:30:00,2026-07-04 22:00:00,VIP,419,141,1080.0,2026-06-20 00:00:00
82,刀郎,深圳,深圳体育馆,2026-07-11 19:30:00,2026-07-11 22:00:00,看台,453,57,280.0,2026-06-20 00:00:00
83,刀郎,深圳,深圳体育馆,2026-07-11 19:30:00,2026-07-11 22:00:00,内场,592,419,680.0,2026-06-20 00:00:00
84,刀郎,深圳,深圳体育馆,2026-07-11 19:30:00,2026-07-11 22:00:00,VIP,591,232,1080.0,2026-06-20 00:00:00
85,刀郎,深圳,深圳体育馆,2026-07-18 19:30:00,2026-07-18 22:00:00,看台,339,176,280.0,2026-06-20 00:00:00
86,刀郎,深圳,深圳体育馆,2026-07-18 19:30:00,2026-07-18 22:00:00,内场,547,187,680.0,2026-06-20 00:00:00
87,刀郎,深圳,深圳体育馆,2026-07-18 19:30:00,2026-07-18 22:00:00,VIP,549,107,1080.0,2026-06-20 00:00:00
88,刀郎,深圳,深圳体育馆,2026-07-25 19:30:00,2026-07-25 22:00:00,看台,453,29,280.0,2026-06-20 00:00:00
89,刀郎,深圳,深圳体育馆,2026-07-25 19:30:00,2026-07-25 22:00:00,内场,595,400,680.0,2026-06-20 00:00:00
90,刀郎,深圳,深圳体育馆,2026-07-25 19:30:00,2026-07-25 22:00:00,VIP,340,38,1080.0,2026-06-20 00:00:00
91,刀郎,成都,成都凤凰山体育公园,2026-06-27 19:30:00,2026-06-27 22:00:00,看台,471,188,280.0,2026-06-20 00:00:00
92,刀郎,成都,成都凤凰山体育公园,2026-06-27 19:30:00,2026-06-27 22:00:00,内场,522,436,680.0,2026-06-20 00:00:00
93,刀郎,成都,成都凤凰山体育公园,2026-06-27 19:30:00,2026-06-27 22:00:00,VIP,361,126,1080.0,2026-06-20 00:00:00
94,刀郎,成都,成都凤凰山体育公园,2026-07-04 19:30:00,2026-07-04 22:00:00,看台,305,205,280.0,2026-06-20 00:00:00
95,刀郎,成都,成都凤凰山体育公园,2026-07-04 19:30:00,2026-07-04 22:00:00,内场,327,166,680.0,2026-06-20 00:00:00
96,刀郎,成都,成都凤凰山体育公园,2026-07-04 19:30:00,2026-07-04 22:00:00,VIP,568,52,1080.0,2026-06-20 00:00:00
97,刀郎,成都,成都凤凰山体育公园,2026-07-11 19:30:00,2026-07-11 22:00:00,看台,463,286,280.0,2026-06-20 00:00:00
98,刀郎,成都,成都凤凰山体育公园,2026-07-11 19:30:00,2026-07-11 22:00:00,内场,589,163,680.0,2026-06-20 00:00:00
99,刀郎,成都,成都凤凰山体育公园,2026-07-11 19:30:00,2026-07-11 22:00:00,VIP,467,267,1080.0,2026-06-20 00:00:00
100,刀郎,成都,成都凤凰山体育公园,2026-07-18 19:30:00,2026-07-18 22:00:00,看台,413,88,280.0,2026-06-20 00:00:00
101,刀郎,成都,成都凤凰山体育公园,2026-07-18 19:30:00,2026-07-18 22:00:00,内场,325,211,680.0,2026-06-20 00:00:00
102,刀郎,成都,成都凤凰山体育公园,2026-07-18 19:30:00,2026-07-18 22:00:00,VIP,528,526,1080.0,2026-06-20 00:00:00
103,刀郎,成都,成都凤凰山体育公园,2026-07-25 19:30:00,2026-07-25 22:00:00,看台,346,123,280.0,2026-06-20 00:00:00
104,刀郎,成都,成都凤凰山体育公园,2026-07-25 19:30:00,2026-07-25 22:00:00,内场,521,306,680.0,2026-06-20 00:00:00
105,刀郎,成都,成都凤凰山体育公园,2026-07-25 19:30:00,2026-07-25 22:00:00,VIP,501,85,1080.0,2026-06-20 00:00:00
106,张学友,广州,广州国际体育演艺中心,2026-06-27 19:30:00,2026-06-27 22:00:00,看台,367,182,380.0,2026-06-20 00:00:00
107,张学友,广州,广州国际体育演艺中心,2026-06-27 19:30:00,2026-06-27 22:00:00,内场,342,253,900.0,2026-06-20 00:00:00
108,张学友,广州,广州国际体育演艺中心,2026-06-27 19:30:00,2026-06-27 22:00:00,VIP,592,60,1420.0,2026-06-20 00:00:00
109,张学友,广州,广州国际体育演艺中心,2026-07-04 19:30:00,2026-07-04 22:00:00,看台,580,418,380.0,2026-06-20 00:00:00
110,张学友,广州,广州国际体育演艺中心,2026-07-04 19:30:00,2026-07-04 22:00:00,内场,434,53,900.0,2026-06-20 00:00:00
111,张学友,广州,广州国际体育演艺中心,2026-07-04 19:30:00,2026-07-04 22:00:00,VIP,504,266,1420.0,2026-06-20 00:00:00
112,张学友,广州,广州国际体育演艺中心,2026-07-11 19:30:00,2026-07-11 22:00:00,看台,522,143,380.0,2026-06-20 00:00:00
113,张学友,广州,广州国际体育演艺中心,2026-07-11 19:30:00,2026-07-11 22:00:00,内场,369,256,900.0,2026-06-20 00:00:00
114,张学友,广州,广州国际体育演艺中心,2026-07-11 19:30:00,2026-07-11 22:00:00,VIP,586,212,1420.0,2026-06-20 00:00:00
115,张学友,广州,广州国际体育演艺中心,2026-07-18 19:30:00,2026-07-18 22:00:00,看台,549,414,380.0,2026-06-20 00:00:00
116,张学友,广州,广州国际体育演艺中心,2026-07-18 19:30:00,2026-07-18 22:00:00,内场,592,210,900.0,2026-06-20 00:00:00
117,张学友,广州,广州国际体育演艺中心,2026-07-18 19:30:00,2026-07-18 22:00:00,VIP,587,546,1420.0,2026-06-20 00:00:00
118,张学友,广州,广州国际体育演艺中心,2026-07-25 19:30:00,2026-07-25 22:00:00,看台,426,134,380.0,2026-06-20 00:00:00
119,张学友,广州,广州国际体育演艺中心,2026-07-25 19:30:00,2026-07-25 22:00:00,内场,336,146,900.0,2026-06-20 00:00:00
120,张学友,广州,广州国际体育演艺中心,2026-07-25 19:30:00,2026-07-25 22:00:00,VIP,520,175,1420.0,2026-06-20 00:00:00
121,张学友,深圳,深圳湾体育中心,2026-06-27 19:30:00,2026-06-27 22:00:00,看台,594,101,380.0,2026-06-20 00:00:00
122,张学友,深圳,深圳湾体育中心,2026-06-27 19:30:00,2026-06-27 22:00:00,内场,357,353,900.0,2026-06-20 00:00:00
123,张学友,深圳,深圳湾体育中心,2026-06-27 19:30:00,2026-06-27 22:00:00,VIP,511,226,1420.0,2026-06-20 00:00:00
124,张学友,深圳,深圳湾体育中心,2026-07-04 19:30:00,2026-07-04 22:00:00,看台,487,188,380.0,2026-06-20 00:00:00
125,张学友,深圳,深圳湾体育中心,2026-07-04 19:30:00,2026-07-04 22:00:00,内场,397,174,900.0,2026-06-20 00:00:00
126,张学友,深圳,深圳湾体育中心,2026-07-04 19:30:00,2026-07-04 22:00:00,VIP,476,314,1420.0,2026-06-20 00:00:00
127,张学友,深圳,深圳湾体育中心,2026-07-11 19:30:00,2026-07-11 22:00:00,看台,312,166,380.0,2026-06-20 00:00:00
128,张学友,深圳,深圳湾体育中心,2026-07-11 19:30:00,2026-07-11 22:00:00,内场,386,189,900.0,2026-06-20 00:00:00
129,张学友,深圳,深圳湾体育中心,2026-07-11 19:30:00,2026-07-11 22:00:00,VIP,526,159,1420.0,2026-06-20 00:00:00
130,张学友,深圳,深圳湾体育中心,2026-07-18 19:30:00,2026-07-18 22:00:00,看台,525,55,380.0,2026-06-20 00:00:00
131,张学友,深圳,深圳湾体育中心,2026-07-18 19:30:00,2026-07-18 22:00:00,内场,419,112,900.0,2026-06-20 00:00:00
132,张学友,深圳,深圳湾体育中心,2026-07-18 19:30:00,2026-07-18 22:00:00,VIP,491,89,1420.0,2026-06-20 00:00:00
133,张学友,深圳,深圳湾体育中心,2026-07-25 19:30:00,2026-07-25 22:00:00,看台,343,67,380.0,2026-06-20 00:00:00
134,张学友,深圳,深圳湾体育中心,2026-07-25 19:30:00,2026-07-25 22:00:00,内场,327,134,900.0,2026-06-20 00:00:00
135,张学友,深圳,深圳湾体育中心,2026-07-25 19:30:00,2026-07-25 22:00:00,VIP,375,157,1420.0,2026-06-20 00:00:00
136,张学友,上海,梅赛德斯-奔驰文化中心,2026-06-27 19:30:00,2026-06-27 22:00:00,看台,307,185,480.0,2026-06-20 00:00:00
137,张学友,上海,梅赛德斯-奔驰文化中心,2026-06-27 19:30:00,2026-06-27 22:00:00,内场,356,166,1080.0,2026-06-20 00:00:00
138,张学友,上海,梅赛德斯-奔驰文化中心,2026-06-27 19:30:00,2026-06-27 22:00:00,VIP,530,492,1680.0,2026-06-20 00:00:00
139,张学友,上海,梅赛德斯-奔驰文化中心,2026-07-04 19:30:00,2026-07-04 22:00:00,看台,311,179,480.0,2026-06-20 00:00:00
140,张学友,上海,梅赛德斯-奔驰文化中心,2026-07-04 19:30:00,2026-07-04 22:00:00,内场,407,388,1080.0,2026-06-20 00:00:00
141,张学友,上海,梅赛德斯-奔驰文化中心,2026-07-04 19:30:00,2026-07-04 22:00:00,VIP,575,226,1680.0,2026-06-20 00:00:00
142,张学友,上海,梅赛德斯-奔驰文化中心,2026-07-11 19:30:00,2026-07-11 22:00:00,看台,404,289,480.0,2026-06-20 00:00:00
143,张学友,上海,梅赛德斯-奔驰文化中心,2026-07-11 19:30:00,2026-07-11 22:00:00,内场,567,274,1080.0,2026-06-20 00:00:00
144,张学友,上海,梅赛德斯-奔驰文化中心,2026-07-11 19:30:00,2026-07-11 22:00:00,VIP,580,504,1680.0,2026-06-20 00:00:00
145,张学友,上海,梅赛德斯-奔驰文化中心,2026-07-18 19:30:00,2026-07-18 22:00:00,看台,372,365,480.0,2026-06-20 00:00:00
146,张学友,上海,梅赛德斯-奔驰文化中心,2026-07-18 19:30:00,2026-07-18 22:00:00,内场,309,202,1080.0,2026-06-20 00:00:00
147,张学友,上海,梅赛德斯-奔驰文化中心,2026-07-18 19:30:00,2026-07-18 22:00:00,VIP,598,549,1680.0,2026-06-20 00:00:00
148,张学友,上海,梅赛德斯-奔驰文化中心,2026-07-25 19:30:00,2026-07-25 22:00:00,看台,322,140,480.0,2026-06-20 00:00:00
149,张学友,上海,梅赛德斯-奔驰文化中心,2026-07-25 19:30:00,2026-07-25 22:00:00,内场,387,40,1080.0,2026-06-20 00:00:00
150,张学友,上海,梅赛德斯-奔驰文化中心,2026-07-25 19:30:00,2026-07-25 22:00:00,VIP,445,112,1680.0,2026-06-20 00:00:00
151,五月天,北京,国家体育场（鸟巢）,2026-06-27 19:30:00,2026-06-27 22:00:00,看台,438,37,355.0,2026-06-20 00:00:00
152,五月天,北京,国家体育场（鸟巢）,2026-06-27 19:30:00,2026-06-27 22:00:00,内场,538,18,835.0,2026-06-20 00:00:00
153,五月天,北京,国家体育场（鸟巢）,2026-06-27 19:30:00,2026-06-27 22:00:00,VIP,334,208,1315.0,2026-06-20 00:00:00
154,五月天,北京,国家体育场（鸟巢）,2026-07-04 19:30:00,2026-07-04 22:00:00,看台,438,349,355.0,2026-06-20 00:00:00
155,五月天,北京,国家体育场（鸟巢）,2026-07-04 19:30:00,2026-07-04 22:00:00,内场,484,452,835.0,2026-06-20 00:00:00
156,五月天,北京,国家体育场（鸟巢）,2026-07-04 19:30:00,2026-07-04 22:00:00,VIP,355,19,1315.0,2026-06-20 00:00:00
157,五月天,北京,国家体育场（鸟巢）,2026-07-11 19:30:00,2026-07-11 22:00:00,看台,449,342,355.0,2026-06-20 00:00:00
158,五月天,北京,国家体育场（鸟巢）,2026-07-11 19:30:00,2026-07-11 22:00:00,内场,497,128,835.0,2026-06-20 00:00:00
159,五月天,北京,国家体育场（鸟巢）,2026-07-11 19:30:00,2026-07-11 22:00:00,VIP,494,270,1315.0,2026-06-20 00:00:00
160,五月天,北京,国家体育场（鸟巢）,2026-07-18 19:30:00,2026-07-18 22:00:00,看台,350,171,355.0,2026-06-20 00:00:00
161,五月天,北京,国家体育场（鸟巢）,2026-07-18 19:30:00,2026-07-18 22:00:00,内场,548,100,835.0,2026-06-20 00:00:00
162,五月天,北京,国家体育场（鸟巢）,2026-07-18 19:30:00,2026-07-18 22:00:00,VIP,395,111,1315.0,2026-06-20 00:00:00
163,五月天,北京,国家体育场（鸟巢）,2026-07-25 19:30:00,2026-07-25 22:00:00,看台,556,478,355.0,2026-06-20 00:00:00
164,五月天,北京,国家体育场（鸟巢）,2026-07-25 19:30:00,2026-07-25 22:00:00,内场,587,32,835.0,2026-06-20 00:00:00
165,五月天,北京,国家体育场（鸟巢）,2026-07-25 19:30:00,2026-07-25 22:00:00,VIP,320,136,1315.0,2026-06-20 00:00:00
166,五月天,上海,上海体育场,2026-06-27 19:30:00,2026-06-27 22:00:00,看台,571,322,355.0,2026-06-20 00:00:00
167,五月天,上海,上海体育场,2026-06-27 19:30:00,2026-06-27 22:00:00,内场,470,260,835.0,2026-06-20 00:00:00
168,五月天,上海,上海体育场,2026-06-27 19:30:00,2026-06-27 22:00:00,VIP,501,391,1315.0,2026-06-20 00:00:00
169,五月天,上海,上海体育场,2026-07-04 19:30:00,2026-07-04 22:00:00,看台,380,19,355.0,2026-06-20 00:00:00
170,五月天,上海,上海体育场,2026-07-04 19:30:00,2026-07-04 22:00:00,内场,477,360,835.0,2026-06-20 00:00:00
171,五月天,上海,上海体育场,2026-07-04 19:30:00,2026-07-04 22:00:00,VIP,480,191,1315.0,2026-06-20 00:00:00
172,五月天,上海,上海体育场,2026-07-11 19:30:00,2026-07-11 22:00:00,看台,454,130,355.0,2026-06-20 00:00:00
173,五月天,上海,上海体育场,2026-07-11 19:30:00,2026-07-11 22:00:00,内场,556,292,835.0,2026-06-20 00:00:00
174,五月天,上海,上海体育场,2026-07-11 19:30:00,2026-07-11 22:00:00,VIP,331,330,1315.0,2026-06-20 00:00:00
175,五月天,上海,上海体育场,2026-07-18 19:30:00,2026-07-18 22:00:00,看台,431,208,355.0,2026-06-20 00:00:00
176,五月天,上海,上海体育场,2026-07-18 19:30:00,2026-07-18 22:00:00,内场,315,294,835.0,2026-06-20 00:00:00
177,五月天,上海,上海体育场,2026-07-18 19:30:00,2026-07-18 22:00:00,VIP,443,125,1315.0,2026-06-20 00:00:00
178,五月天,上海,上海体育场,2026-07-25 19:30:00,2026-07-25 22:00:00,看台,377,184,355.0,2026-06-20 00:00:00
179,五月天,上海,上海体育场,2026-07-25 19:30:00,2026-07-25 22:00:00,内场,501,346,835.0,2026-06-20 00:00:00
180,五月天,上海,上海体育场,2026-07-25 19:30:00,2026-07-25 22:00:00,VIP,370,54,1315.0,2026-06-20 00:00:00
181,五月天,深圳,深圳大运中心体育馆,2026-06-27 19:30:00,2026-06-27 22:00:00,看台,495,276,355.0,2026-06-20 00:00:00
182,五月天,深圳,深圳大运中心体育馆,2026-06-27 19:30:00,2026-06-27 22:00:00,内场,416,223,835.0,2026-06-20 00:00:00
183,五月天,深圳,深圳大运中心体育馆,2026-06-27 19:30:00,2026-06-27 22:00:00,VIP,423,303,1315.0,2026-06-20 00:00:00
184,五月天,深圳,深圳大运中心体育馆,2026-07-04 19:30:00,2026-07-04 22:00:00,看台,378,228,355.0,2026-06-20 00:00:00
185,五月天,深圳,深圳大运中心体育馆,2026-07-04 19:30:00,2026-07-04 22:00:00,内场,459,319,835.0,2026-06-20 00:00:00
186,五月天,深圳,深圳大运中心体育馆,2026-07-04 19:30:00,2026-07-04 22:00:00,VIP,468,239,1315.0,2026-06-20 00:00:00
187,五月天,深圳,深圳大运中心体育馆,2026-07-11 19:30:00,2026-07-11 22:00:00,看台,577,144,355.0,2026-06-20 00:00:00
188,五月天,深圳,深圳大运中心体育馆,2026-07-11 19:30:00,2026-07-11 22:00:00,内场,405,344,835.0,2026-06-20 00:00:00
189,五月天,深圳,深圳大运中心体育馆,2026-07-11 19:30:00,2026-07-11 22:00:00,VIP,370,307,1315.0,2026-06-20 00:00:00
190,五月天,深圳,深圳大运中心体育馆,2026-07-18 19:30:00,2026-07-18 22:00:00,看台,577,217,355.0,2026-06-20 00:00:00
191,五月天,深圳,深圳大运中心体育馆,2026-07-18 19:30:00,2026-07-18 22:00:00,内场,370,168,835.0,2026-06-20 00:00:00
192,五月天,深圳,深圳大运中心体育馆,2026-07-18 19:30:00,2026-07-18 22:00:00,VIP,568,148,1315.0,2026-06-20 00:00:00
193,五月天,深圳,深圳大运中心体育馆,2026-07-25 19:30:00,2026-07-25 22:00:00,看台,520,519,355.0,2026-06-20 00:00:00
194,五月天,深圳,深圳大运中心体育馆,2026-07-25 19:30:00,2026-07-25 22:00:00,内场,374,345,835.0,2026-06-20 00:00:00
195,五月天,深圳,深圳大运中心体育馆,2026-07-25 19:30:00,2026-07-25 22:00:00,VIP,589,171,1315.0,2026-06-20 00:00:00
196,邓紫棋,广州,广州大学城体育中心,2026-06-27 19:30:00,2026-06-27 22:00:00,看台,462,44,380.0,2026-06-20 00:00:00
197,邓紫棋,广州,广州大学城体育中心,2026-06-27 19:30:00,2026-06-27 22:00:00,内场,585,555,860.0,2026-06-20 00:00:00
198,邓紫棋,广州,广州大学城体育中心,2026-06-27 19:30:00,2026-06-27 22:00:00,VIP,360,104,1340.0,2026-06-20 00:00:00
199,邓紫棋,广州,广州大学城体育中心,2026-07-04 19:30:00,2026-07-04 22:00:00,看台,462,439,380.0,2026-06-20 00:00:00
200,邓紫棋,广州,广州大学城体育中心,2026-07-04 19:30:00,2026-07-04 22:00:00,内场,374,25,860.0,2026-06-20 00:00:00
201,邓紫棋,广州,广州大学城体育中心,2026-07-04 19:30:00,2026-07-04 22:00:00,VIP,463,460,1340.0,2026-06-20 00:00:00
202,邓紫棋,广州,广州大学城体育中心,2026-07-11 19:30:00,2026-07-11 22:00:00,看台,511,502,380.0,2026-06-20 00:00:00
203,邓紫棋,广州,广州大学城体育中心,2026-07-11 19:30:00,2026-07-11 22:00:00,内场,510,165,860.0,2026-06-20 00:00:00
204,邓紫棋,广州,广州大学城体育中心,2026-07-11 19:30:00,2026-07-11 22:00:00,VIP,526,290,1340.0,2026-06-20 00:00:00
205,邓紫棋,广州,广州大学城体育中心,2026-07-18 19:30:00,2026-07-18 22:00:00,看台,377,106,380.0,2026-06-20 00:00:00
206,邓紫棋,广州,广州大学城体育中心,2026-07-18 19:30:00,2026-07-18 22:00:00,内场,354,77,860.0,2026-06-20 00:00:00
207,邓紫棋,广州,广州大学城体育中心,2026-07-18 19:30:00,2026-07-18 22:00:00,VIP,394,23,1340.0,2026-06-20 00:00:00
208,邓紫棋,广州,广州大学城体育中心,2026-07-25 19:30:00,2026-07-25 22:00:00,看台,436,320,380.0,2026-06-20 00:00:00
209,邓紫棋,广州,广州大学城体育中心,2026-07-25 19:30:00,2026-07-25 22:00:00,内场,590,246,860.0,2026-06-20 00:00:00
210,邓紫棋,广州,广州大学城体育中心,2026-07-25 19:30:00,2026-07-25 22:00:00,VIP,418,128,1340.0,2026-06-20 00:00:00
211,邓紫棋,深圳,深圳湾体育中心,2026-06-27 19:30:00,2026-06-27 22:00:00,看台,313,193,380.0,2026-06-20 00:00:00
212,邓紫棋,深圳,深圳湾体育中心,2026-06-27 19:30:00,2026-06-27 22:00:00,内场,340,254,860.0,2026-06-20 00:00:00
213,邓紫棋,深圳,深圳湾体育中心,2026-06-27 19:30:00,2026-06-27 22:00:00,VIP,368,267,1340.0,2026-06-20 00:00:00
214,邓紫棋,深圳,深圳湾体育中心,2026-07-04 19:30:00,2026-07-04 22:00:00,看台,540,392,380.0,2026-06-20 00:00:00
215,邓紫棋,深圳,深圳湾体育中心,2026-07-04 19:30:00,2026-07-04 22:00:00,内场,394,208,860.0,2026-06-20 00:00:00
216,邓紫棋,深圳,深圳湾体育中心,2026-07-04 19:30:00,2026-07-04 22:00:00,VIP,551,495,1340.0,2026-06-20 00:00:00
217,邓紫棋,深圳,深圳湾体育中心,2026-07-11 19:30:00,2026-07-11 22:00:00,看台,370,93,380.0,2026-06-20 00:00:00
218,邓紫棋,深圳,深圳湾体育中心,2026-07-11 19:30:00,2026-07-11 22:00:00,内场,398,125,860.0,2026-06-20 00:00:00
219,邓紫棋,深圳,深圳湾体育中心,2026-07-11 19:30:00,2026-07-11 22:00:00,VIP,316,219,1340.0,2026-06-20 00:00:00
220,邓紫棋,深圳,深圳湾体育中心,2026-07-18 19:30:00,2026-07-18 22:00:00,看台,307,148,380.0,2026-06-20 00:00:00
221,邓紫棋,深圳,深圳湾体育中心,2026-07-18 19:30:00,2026-07-18 22:00:00,内场,511,123,860.0,2026-06-20 00:00:00
222,邓紫棋,深圳,深圳湾体育中心,2026-07-18 19:30:00,2026-07-18 22:00:00,VIP,403,397,1340.0,2026-06-20 00:00:00
223,邓紫棋,深圳,深圳湾体育中心,2026-07-25 19:30:00,2026-07-25 22:00:00,看台,404,43,380.0,2026-06-20 00:00:00
224,邓紫棋,深圳,深圳湾体育中心,2026-07-25 19:30:00,2026-07-25 22:00:00,内场,390,234,860.0,2026-06-20 00:00:00
225,邓紫棋,深圳,深圳湾体育中心,2026-07-25 19:30:00,2026-07-25 22:00:00,VIP,550,342,1340.0,2026-06-20 00:00:00
226,林俊杰,北京,凯迪拉克中心,2026-06-27 19:30:00,2026-06-27 22:00:00,看台,534,262,380.0,2026-06-20 00:00:00
227,林俊杰,北京,凯迪拉克中心,2026-06-27 19:30:00,2026-06-27 22:00:00,内场,518,217,980.0,2026-06-20 00:00:00
228,林俊杰,北京,凯迪拉克中心,2026-06-27 19:30:00,2026-06-27 22:00:00,VIP,321,321,1580.0,2026-06-20 00:00:00
229,林俊杰,北京,凯迪拉克中心,2026-07-04 19:30:00,2026-07-04 22:00:00,看台,494,378,380.0,2026-06-20 00:00:00
230,林俊杰,北京,凯迪拉克中心,2026-07-04 19:30:00,2026-07-04 22:00:00,内场,460,211,980.0,2026-06-20 00:00:00
231,林俊杰,北京,凯迪拉克中心,2026-07-04 19:30:00,2026-07-04 22:00:00,VIP,592,559,1580.0,2026-06-20 00:00:00
232,林俊杰,北京,凯迪拉克中心,2026-07-11 19:30:00,2026-07-11 22:00:00,看台,568,49,380.0,2026-06-20 00:00:00
233,林俊杰,北京,凯迪拉克中心,2026-07-11 19:30:00,2026-07-11 22:00:00,内场,566,121,980.0,2026-06-20 00:00:00
234,林俊杰,北京,凯迪拉克中心,2026-07-11 19:30:00,2026-07-11 22:00:00,VIP,531,477,1580.0,2026-06-20 00:00:00
235,林俊杰,北京,凯迪拉克中心,2026-07-18 19:30:00,2026-07-18 22:00:00,看台,321,135,380.0,2026-06-20 00:00:00
236,林俊杰,北京,凯迪拉克中心,2026-07-18 19:30:00,2026-07-18 22:00:00,内场,565,560,980.0,2026-06-20 00:00:00
237,林俊杰,北京,凯迪拉克中心,2026-07-18 19:30:00,2026-07-18 22:00:00,VIP,502,386,1580.0,2026-06-20 00:00:00
238,林俊杰,北京,凯迪拉克中心,2026-07-25 19:30:00,2026-07-25 22:00:00,看台,320,295,380.0,2026-06-20 00:00:00
239,林俊杰,北京,凯迪拉克中心,2026-07-25 19:30:00,2026-07-25 22:00:00,内场,498,274,980.0,2026-06-20 00:00:00
240,林俊杰,北京,凯迪拉克中心,2026-07-25 19:30:00,2026-07-25 22:00:00,VIP,325,107,1580.0,2026-06-20 00:00:00
241,林俊杰,上海,梅赛德斯-奔驰文化中心,2026-06-27 19:30:00,2026-06-27 22:00:00,看台,449,235,380.0,2026-06-20 00:00:00
242,林俊杰,上海,梅赛德斯-奔驰文化中心,2026-06-27 19:30:00,2026-06-27 22:00:00,内场,503,462,980.0,2026-06-20 00:00:00
243,林俊杰,上海,梅赛德斯-奔驰文化中心,2026-06-27 19:30:00,2026-06-27 22:00:00,VIP,455,406,1580.0,2026-06-20 00:00:00
244,林俊杰,上海,梅赛德斯-奔驰文化中心,2026-07-04 19:30:00,2026-07-04 22:00:00,看台,446,246,380.0,2026-06-20 00:00:00
245,林俊杰,上海,梅赛德斯-奔驰文化中心,2026-07-04 19:30:00,2026-07-04 22:00:00,内场,385,226,980.0,2026-06-20 00:00:00
246,林俊杰,上海,梅赛德斯-奔驰文化中心,2026-07-04 19:30:00,2026-07-04 22:00:00,VIP,450,323,1580.0,2026-06-20 00:00:00
247,林俊杰,上海,梅赛德斯-奔驰文化中心,2026-07-11 19:30:00,2026-07-11 22:00:00,看台,327,274,380.0,2026-06-20 00:00:00
248,林俊杰,上海,梅赛德斯-奔驰文化中心,2026-07-11 19:30:00,2026-07-11 22:00:00,内场,372,247,980.0,2026-06-20 00:00:00
249,林俊杰,上海,梅赛德斯-奔驰文化中心,2026-07-11 19:30:00,2026-07-11 22:00:00,VIP,531,102,1580.0,2026-06-20 00:00:00
250,林俊杰,上海,梅赛德斯-奔驰文化中心,2026-07-18 19:30:00,2026-07-18 22:00:00,看台,556,125,380.0,2026-06-20 00:00:00
251,林俊杰,上海,梅赛德斯-奔驰文化中心,2026-07-18 19:30:00,2026-07-18 22:00:00,内场,392,309,980.0,2026-06-20 00:00:00
252,林俊杰,上海,梅赛德斯-奔驰文化中心,2026-07-18 19:30:00,2026-07-18 22:00:00,VIP,579,148,1580.0,2026-06-20 00:00:00
253,林俊杰,上海,梅赛德斯-奔驰文化中心,2026-07-25 19:30:00,2026-07-25 22:00:00,看台,501,221,380.0,2026-06-20 00:00:00
254,林俊杰,上海,梅赛德斯-奔驰文化中心,2026-07-25 19:30:00,2026-07-25 22:00:00,内场,465,240,980.0,2026-06-20 00:00:00
255,林俊杰,上海,梅赛德斯-奔驰文化中心,2026-07-25 19:30:00,2026-07-25 22:00:00,VIP,312,101,1580.0,2026-06-20 00:00:00
256,薛之谦,广州,广州天河体育场,2026-06-27 19:30:00,2026-06-27 22:00:00,看台,532,216,317.0,2026-06-20 00:00:00
257,薛之谦,广州,广州天河体育场,2026-06-27 19:30:00,2026-06-27 22:00:00,内场,532,102,877.0,2026-06-20 00:00:00
258,薛之谦,广州,广州天河体育场,2026-06-27 19:30:00,2026-06-27 22:00:00,VIP,428,175,1437.0,2026-06-20 00:00:00
259,薛之谦,广州,广州天河体育场,2026-07-04 19:30:00,2026-07-04 22:00:00,看台,383,377,317.0,2026-06-20 00:00:00
260,薛之谦,广州,广州天河体育场,2026-07-04 19:30:00,2026-07-04 22:00:00,内场,363,56,877.0,2026-06-20 00:00:00
261,薛之谦,广州,广州天河体育场,2026-07-04 19:30:00,2026-07-04 22:00:00,VIP,358,240,1437.0,2026-06-20 00:00:00
262,薛之谦,广州,广州天河体育场,2026-07-11 19:30:00,2026-07-11 22:00:00,看台,485,53,317.0,2026-06-20 00:00:00
263,薛之谦,广州,广州天河体育场,2026-07-11 19:30:00,2026-07-11 22:00:00,内场,568,403,877.0,2026-06-20 00:00:00
264,薛之谦,广州,广州天河体育场,2026-07-11 19:30:00,2026-07-11 22:00:00,VIP,561,173,1437.0,2026-06-20 00:00:00
265,薛之谦,广州,广州天河体育场,2026-07-18 19:30:00,2026-07-18 22:00:00,看台,493,291,317.0,2026-06-20 00:00:00
266,薛之谦,广州,广州天河体育场,2026-07-18 19:30:00,2026-07-18 22:00:00,内场,494,32,877.0,2026-06-20 00:00:00
267,薛之谦,广州,广州天河体育场,2026-07-18 19:30:00,2026-07-18 22:00:00,VIP,387,181,1437.0,2026-06-20 00:00:00
268,薛之谦,广州,广州天河体育场,2026-07-25 19:30:00,2026-07-25 22:00:00,看台,589,163,317.0,2026-06-20 00:00:00
269,薛之谦,广州,广州天河体育场,2026-07-25 19:30:00,2026-07-25 22:00:00,内场,383,84,877.0,2026-06-20 00:00:00
270,薛之谦,广州,广州天河体育场,2026-07-25 19:30:00,2026-07-25 22:00:00,VIP,391,374,1437.0,2026-06-20 00:00:00
271,薛之谦,深圳,深圳大运中心体育馆,2026-06-27 19:30:00,2026-06-27 22:00:00,看台,326,224,317.0,2026-06-20 00:00:00
272,薛之谦,深圳,深圳大运中心体育馆,2026-06-27 19:30:00,2026-06-27 22:00:00,内场,457,168,877.0,2026-06-20 00:00:00
273,薛之谦,深圳,深圳大运中心体育馆,2026-06-27 19:30:00,2026-06-27 22:00:00,VIP,528,305,1437.0,2026-06-20 00:00:00
274,薛之谦,深圳,深圳大运中心体育馆,2026-07-04 19:30:00,2026-07-04 22:00:00,看台,392,70,317.0,2026-06-20 00:00:00
275,薛之谦,深圳,深圳大运中心体育馆,2026-07-04 19:30:00,2026-07-04 22:00:00,内场,367,113,877.0,2026-06-20 00:00:00
276,薛之谦,深圳,深圳大运中心体育馆,2026-07-04 19:30:00,2026-07-04 22:00:00,VIP,301,139,1437.0,2026-06-20 00:00:00
277,薛之谦,深圳,深圳大运中心体育馆,2026-07-11 19:30:00,2026-07-11 22:00:00,看台,306,244,317.0,2026-06-20 00:00:00
278,薛之谦,深圳,深圳大运中心体育馆,2026-07-11 19:30:00,2026-07-11 22:00:00,内场,554,520,877.0,2026-06-20 00:00:00
279,薛之谦,深圳,深圳大运中心体育馆,2026-07-11 19:30:00,2026-07-11 22:00:00,VIP,578,15,1437.0,2026-06-20 00:00:00
280,薛之谦,深圳,深圳大运中心体育馆,2026-07-18 19:30:00,2026-07-18 22:00:00,看台,552,253,317.0,2026-06-20 00:00:00
281,薛之谦,深圳,深圳大运中心体育馆,2026-07-18 19:30:00,2026-07-18 22:00:00,内场,411,311,877.0,2026-06-20 00:00:00
282,薛之谦,深圳,深圳大运中心体育馆,2026-07-18 19:30:00,2026-07-18 22:00:00,VIP,543,474,1437.0,2026-06-20 00:00:00
283,薛之谦,深圳,深圳大运中心体育馆,2026-07-25 19:30:00,2026-07-25 22:00:00,看台,509,236,317.0,2026-06-20 00:00:00
284,薛之谦,深圳,深圳大运中心体育馆,2026-07-25 19:30:00,2026-07-25 22:00:00,内场,340,317,877.0,2026-06-20 00:00:00
285,薛之谦,深圳,深圳大运中心体育馆,2026-07-25 19:30:00,2026-07-25 22:00:00,VIP,303,135,1437.0,2026-06-20 00:00:00
286,Taylor Swift,上海,上海体育场,2026-06-27 19:30:00,2026-06-27 22:00:00,看台,580,294,580.0,2026-06-20 00:00:00
287,Taylor Swift,上海,上海体育场,2026-06-27 19:30:00,2026-06-27 22:00:00,内场,585,222,1660.0,2026-06-20 00:00:00
288,Taylor Swift,上海,上海体育场,2026-06-27 19:30:00,2026-06-27 22:00:00,VIP,325,104,2740.0,2026-06-20 00:00:00
289,Taylor Swift,上海,上海体育场,2026-07-04 19:30:00,2026-07-04 22:00:00,看台,375,38,580.0,2026-06-20 00:00:00
290,Taylor Swift,上海,上海体育场,2026-07-04 19:30:00,2026-07-04 22:00:00,内场,478,28,1660.0,2026-06-20 00:00:00
291,Taylor Swift,上海,上海体育场,2026-07-04 19:30:00,2026-07-04 22:00:00,VIP,374,26,2740.0,2026-06-20 00:00:00
292,Taylor Swift,上海,上海体育场,2026-07-11 19:30:00,2026-07-11 22:00:00,看台,595,315,580.0,2026-06-20 00:00:00
293,Taylor Swift,上海,上海体育场,2026-07-11 19:30:00,2026-07-11 22:00:00,内场,469,54,1660.0,2026-06-20 00:00:00
294,Taylor Swift,上海,上海体育场,2026-07-11 19:30:00,2026-07-11 22:00:00,VIP,325,65,2740.0,2026-06-20 00:00:00
295,Taylor Swift,上海,上海体育场,2026-07-18 19:30:00,2026-07-18 22:00:00,看台,513,101,580.0,2026-06-20 00:00:00
296,Taylor Swift,上海,上海体育场,2026-07-18 19:30:00,2026-07-18 22:00:00,内场,382,354,1660.0,2026-06-20 00:00:00
297,Taylor Swift,上海,上海体育场,2026-07-18 19:30:00,2026-07-18 22:00:00,VIP,445,322,2740.0,2026-06-20 00:00:00
298,Taylor Swift,上海,上海体育场,2026-07-25 19:30:00,2026-07-25 22:00:00,看台,593,585,580.0,2026-06-20 00:00:00
299,Taylor Swift,上海,上海体育场,2026-07-25 19:30:00,2026-07-25 22:00:00,内场,390,243,1660.0,2026-06-20 00:00:00
300,Taylor Swift,上海,上海体育场,2026-07-25 19:30:00,2026-07-25 22:00:00,VIP,596,378,2740.0,2026-06-20 00:00:00
