id,departure_city,arrival_city,departure_time,arrival_time,train_number,seat_type,total_seats,remaining_seats,price,created_at
1,深圳,广州,2026-06-20 12:05:00,2026-06-20 12:35:00,G101280,二等座,835,229,179.0,2026-06-20 00:00:00
2,深圳,广州,2026-06-20 18:30:00,2026-06-20 20:00:00,G815567,二等座,655,129,151.0,2026-06-20 00:00:00
3,深圳,广州,2026-06-20 08:45:00,2026-06-20 09:45:00,G901727,商务座,724,458,390.0,2026-06-20 00:00:00
4,深圳,广州,2026-06-20 19:30:00,2026-06-20 21:00:00,G713560,商务座,562,491,342.0,2026-06-20 00:00:00
5,深圳,广州,2026-06-20 10:45:00,2026-06-20 11:15:00,G509381,商务座,1041,494,355.0,2026-06-20 00:00:00
6,深圳,广州,2026-06-20 13:00:00,2026-06-20 14:30:00,G509653,二等座,743,332,114.0,2026-06-20 00:00:00
7,深圳,广州,2026-06-21 08:05:00,2026-06-21 08:35:00,G713165,商务座,1123,443,247.0,2026-06-20 00:00:00
8,深圳,广州,2026-06-21 12:15:00,2026-06-21 13:15:00,G901952,一等座,463,110,212.0,2026-06-20 00:00:00
9,深圳,广州,2026-06-21 12:15:00,2026-06-21 13:45:00,G101460,商务座,888,11,320.0,2026-06-20 00:00:00
10,深圳,广州,2026-06-22 18:15:00,2026-06-22 19:15:00,G901717,商务座,959,824,435.0,2026-06-20 00:00:00
11,深圳,广州,2026-06-22 20:05:00,2026-06-22 21:05:00,G407498,一等座,897,34,216.0,2026-06-20 00:00:00
12,深圳,广州,2026-06-22 11:30:00,2026-06-22 13:00:00,G713737,商务座,878,135,252.0,2026-06-20 00:00:00
13,深圳,广州,2026-06-22 14:00:00,2026-06-22 15:00:00,G101987,二等座,838,143,162.0,2026-06-20 00:00:00
14,深圳,广州,2026-06-22 13:05:00,2026-06-22 13:35:00,G509434,一等座,616,470,193.0,2026-06-20 00:00:00
15,深圳,广州,2026-06-23 18:15:00,2026-06-23 19:15:00,G713119,一等座,483,245,297.0,2026-06-20 00:00:00
16,深圳,广州,2026-06-23 17:20:00,2026-06-23 17:50:00,G611767,二等座,470,404,163.0,2026-06-20 00:00:00
17,深圳,广州,2026-06-23 06:45:00,2026-06-23 07:15:00,G407256,二等座,420,323,187.0,2026-06-20 00:00:00
18,深圳,广州,2026-06-23 09:05:00,2026-06-23 10:05:00,G203362,商务座,876,721,267.0,2026-06-20 00:00:00
19,深圳,广州,2026-06-23 18:10:00,2026-06-23 18:40:00,G203126,二等座,510,301,119.0,2026-06-20 00:00:00
20,深圳,广州,2026-06-24 15:30:00,2026-06-24 16:30:00,G713807,商务座,477,308,262.0,2026-06-20 00:00:00
21,深圳,广州,2026-06-24 19:30:00,2026-06-24 20:00:00,G203714,商务座,708,705,445.0,2026-06-20 00:00:00
22,深圳,广州,2026-06-24 18:00:00,2026-06-24 19:30:00,G101479,一等座,838,682,236.0,2026-06-20 00:00:00
23,深圳,广州,2026-06-24 07:20:00,2026-06-24 08:50:00,G611208,二等座,830,506,188.0,2026-06-20 00:00:00
24,深圳,广州,2026-06-24 12:10:00,2026-06-24 13:40:00,G815851,商务座,845,185,247.0,2026-06-20 00:00:00
25,深圳,广州,2026-06-25 15:45:00,2026-06-25 17:15:00,G815430,一等座,1148,554,216.0,2026-06-20 00:00:00
26,深圳,广州,2026-06-25 19:05:00,2026-06-25 19:35:00,G509683,一等座,1168,956,177.0,2026-06-20 00:00:00
27,深圳,广州,2026-06-25 15:30:00,2026-06-25 16:30:00,G611599,二等座,732,191,143.0,2026-06-20 00:00:00
28,深圳,广州,2026-06-25 09:10:00,2026-06-25 10:10:00,G611382,一等座,1010,723,307.0,2026-06-20 00:00:00
29,深圳,广州,2026-06-25 14:00:00,2026-06-25 15:30:00,G407600,二等座,1137,837,110.0,2026-06-20 00:00:00
30,深圳,广州,2026-06-26 17:15:00,2026-06-26 18:45:00,G815401,一等座,417,52,289.0,2026-06-20 00:00:00
31,深圳,广州,2026-06-26 09:15:00,2026-06-26 10:45:00,G407584,一等座,995,382,262.0,2026-06-20 00:00:00
32,深圳,广州,2026-06-26 14:20:00,2026-06-26 15:20:00,G713819,商务座,738,365,375.0,2026-06-20 00:00:00
33,深圳,广州,2026-06-26 13:10:00,2026-06-26 14:10:00,G509423,二等座,1138,399,95.0,2026-06-20 00:00:00
34,深圳,北京,2026-06-20 17:20:00,2026-06-21 02:20:00,G407841,二等座,895,288,1178.0,2026-06-20 00:00:00
35,深圳,北京,2026-06-20 15:45:00,2026-06-21 03:45:00,G509469,二等座,703,237,899.0,2026-06-20 00:00:00
36,深圳,北京,2026-06-20 08:10:00,2026-06-20 16:10:00,G901666,二等座,446,32,940.0,2026-06-20 00:00:00
37,深圳,北京,2026-06-21 17:05:00,2026-06-22 04:35:00,G203590,二等座,691,485,1093.0,2026-06-20 00:00:00
38,深圳,北京,2026-06-21 13:10:00,2026-06-21 22:10:00,G101510,一等座,516,71,1670.0,2026-06-20 00:00:00
39,深圳,北京,2026-06-21 13:00:00,2026-06-21 21:00:00,G305354,二等座,711,92,1088.0,2026-06-20 00:00:00
40,深圳,北京,2026-06-21 07:20:00,2026-06-21 18:20:00,G407404,商务座,861,458,2485.0,2026-06-20 00:00:00
41,深圳,北京,2026-06-21 19:20:00,2026-06-22 06:20:00,G509857,商务座,461,317,2792.0,2026-06-20 00:00:00
42,深圳,北京,2026-06-22 18:05:00,2026-06-23 03:35:00,G509277,商务座,560,250,2102.0,2026-06-20 00:00:00
43,深圳,北京,2026-06-22 14:00:00,2026-06-22 23:00:00,G101398,一等座,1105,967,1648.0,2026-06-20 00:00:00
44,深圳,北京,2026-06-22 06:05:00,2026-06-22 16:05:00,G509339,商务座,472,356,2580.0,2026-06-20 00:00:00
45,深圳,北京,2026-06-23 18:45:00,2026-06-24 04:15:00,G713372,二等座,630,157,1078.0,2026-06-20 00:00:00
46,深圳,北京,2026-06-23 19:05:00,2026-06-24 03:35:00,G101944,二等座,1009,771,957.0,2026-06-20 00:00:00
47,深圳,北京,2026-06-23 15:10:00,2026-06-24 02:40:00,G203378,一等座,711,417,1843.0,2026-06-20 00:00:00
48,深圳,北京,2026-06-23 14:20:00,2026-06-24 01:50:00,G815852,二等座,440,226,1106.0,2026-06-20 00:00:00
49,深圳,北京,2026-06-23 11:20:00,2026-06-23 21:20:00,G101883,二等座,1090,47,917.0,2026-06-20 00:00:00
50,深圳,北京,2026-06-24 15:00:00,2026-06-25 00:00:00,G815285,商务座,852,289,2832.0,2026-06-20 00:00:00
51,深圳,北京,2026-06-24 15:15:00,2026-06-25 02:45:00,G203428,一等座,818,346,1564.0,2026-06-20 00:00:00
52,深圳,北京,2026-06-24 16:00:00,2026-06-25 01:00:00,G611778,一等座,907,300,1848.0,2026-06-20 00:00:00
53,深圳,北京,2026-06-24 12:45:00,2026-06-25 00:45:00,G101431,一等座,722,263,1352.0,2026-06-20 00:00:00
54,深圳,北京,2026-06-24 07:45:00,2026-06-24 18:45:00,G901523,二等座,955,478,1136.0,2026-06-20 00:00:00
55,深圳,北京,2026-06-25 09:20:00,2026-06-25 19:50:00,G815308,商务座,1178,110,2565.0,2026-06-20 00:00:00
56,深圳,北京,2026-06-25 10:20:00,2026-06-25 19:20:00,G509129,一等座,896,129,1851.0,2026-06-20 00:00:00
57,深圳,北京,2026-06-25 16:20:00,2026-06-26 01:50:00,G305517,一等座,414,287,1731.0,2026-06-20 00:00:00
58,深圳,北京,2026-06-26 09:45:00,2026-06-26 18:15:00,G815833,二等座,557,515,1131.0,2026-06-20 00:00:00
59,深圳,北京,2026-06-26 10:20:00,2026-06-26 20:20:00,G713664,一等座,649,472,1665.0,2026-06-20 00:00:00
60,深圳,北京,2026-06-26 08:15:00,2026-06-26 17:45:00,G901891,商务座,471,146,2172.0,2026-06-20 00:00:00
61,深圳,上海,2026-06-20 11:45:00,2026-06-20 21:45:00,G509957,二等座,1143,616,744.0,2026-06-20 00:00:00
62,深圳,上海,2026-06-20 15:20:00,2026-06-21 00:50:00,G305440,一等座,895,358,1400.0,2026-06-20 00:00:00
63,深圳,上海,2026-06-20 14:45:00,2026-06-21 00:45:00,G713685,一等座,593,249,1222.0,2026-06-20 00:00:00
64,深圳,上海,2026-06-20 12:05:00,2026-06-20 21:05:00,G101930,一等座,884,727,1569.0,2026-06-20 00:00:00
65,深圳,上海,2026-06-20 12:15:00,2026-06-20 19:15:00,G815439,二等座,914,609,664.0,2026-06-20 00:00:00
66,深圳,上海,2026-06-20 19:00:00,2026-06-21 04:30:00,G203247,商务座,415,374,2082.0,2026-06-20 00:00:00
67,深圳,上海,2026-06-21 19:30:00,2026-06-22 02:30:00,G203738,一等座,671,351,1600.0,2026-06-20 00:00:00
68,深圳,上海,2026-06-21 17:15:00,2026-06-21 23:45:00,G611741,商务座,789,329,2182.0,2026-06-20 00:00:00
69,深圳,上海,2026-06-21 17:45:00,2026-06-22 03:15:00,G901746,二等座,470,125,916.0,2026-06-20 00:00:00
70,深圳,上海,2026-06-21 16:10:00,2026-06-21 23:40:00,G203554,一等座,1178,210,1040.0,2026-06-20 00:00:00
71,深圳,上海,2026-06-21 08:30:00,2026-06-21 16:30:00,G101467,二等座,457,155,766.0,2026-06-20 00:00:00
72,深圳,上海,2026-06-21 11:15:00,2026-06-21 18:15:00,G407911,商务座,979,703,2025.0,2026-06-20 00:00:00
73,深圳,上海,2026-06-22 08:05:00,2026-06-22 14:35:00,G713697,商务座,646,514,2372.0,2026-06-20 00:00:00
74,深圳,上海,2026-06-22 08:05:00,2026-06-22 17:35:00,G509923,一等座,1082,24,1168.0,2026-06-20 00:00:00
75,深圳,上海,2026-06-22 13:10:00,2026-06-22 23:10:00,G305406,二等座,753,606,826.0,2026-06-20 00:00:00
76,深圳,上海,2026-06-22 16:15:00,2026-06-23 00:15:00,G815209,一等座,793,499,1121.0,2026-06-20 00:00:00
77,深圳,上海,2026-06-23 12:20:00,2026-06-23 20:50:00,G509505,商务座,422,342,1877.0,2026-06-20 00:00:00
78,深圳,上海,2026-06-23 10:00:00,2026-06-23 16:00:00,G815921,一等座,635,626,1595.0,2026-06-20 00:00:00
79,深圳,上海,2026-06-23 11:05:00,2026-06-23 18:35:00,G509743,商务座,1138,285,2465.0,2026-06-20 00:00:00
80,深圳,上海,2026-06-23 07:30:00,2026-06-23 13:30:00,G509849,一等座,993,378,987.0,2026-06-20 00:00:00
81,深圳,上海,2026-06-24 07:10:00,2026-06-24 15:40:00,G713643,二等座,535,379,702.0,2026-06-20 00:00:00
82,深圳,上海,2026-06-24 14:10:00,2026-06-24 21:10:00,G509923,一等座,1164,698,1201.0,2026-06-20 00:00:00
83,深圳,上海,2026-06-24 07:15:00,2026-06-24 13:45:00,G305966,二等座,1141,818,946.0,2026-06-20 00:00:00
84,深圳,上海,2026-06-24 18:20:00,2026-06-25 02:50:00,G203226,一等座,670,554,971.0,2026-06-20 00:00:00
85,深圳,上海,2026-06-25 11:30:00,2026-06-25 19:30:00,G713339,商务座,510,350,1975.0,2026-06-20 00:00:00
86,深圳,上海,2026-06-25 13:00:00,2026-06-25 23:00:00,G611750,商务座,1063,134,1782.0,2026-06-20 00:00:00
87,深圳,上海,2026-06-25 19:15:00,2026-06-26 03:15:00,G713411,二等座,446,24,671.0,2026-06-20 00:00:00
88,深圳,上海,2026-06-25 13:00:00,2026-06-25 19:30:00,G407479,商务座,797,469,1672.0,2026-06-20 00:00:00
89,深圳,上海,2026-06-25 16:30:00,2026-06-26 02:30:00,G713524,商务座,1144,321,2450.0,2026-06-20 00:00:00
90,深圳,上海,2026-06-25 16:00:00,2026-06-26 01:30:00,G713322,一等座,1106,763,985.0,2026-06-20 00:00:00
91,深圳,上海,2026-06-26 13:05:00,2026-06-26 21:35:00,G203760,商务座,957,928,1970.0,2026-06-20 00:00:00
92,深圳,上海,2026-06-26 11:00:00,2026-06-26 20:00:00,G509778,二等座,865,98,662.0,2026-06-20 00:00:00
93,深圳,上海,2026-06-26 09:30:00,2026-06-26 15:30:00,G101170,一等座,528,215,1158.0,2026-06-20 00:00:00
94,深圳,上海,2026-06-26 19:45:00,2026-06-27 05:45:00,G407892,商务座,638,341,1775.0,2026-06-20 00:00:00
95,深圳,上海,2026-06-26 08:45:00,2026-06-26 14:45:00,G509917,二等座,953,261,666.0,2026-06-20 00:00:00
96,深圳,上海,2026-06-26 08:00:00,2026-06-26 14:00:00,G305431,二等座,643,607,783.0,2026-06-20 00:00:00
97,深圳,成都,2026-06-20 08:10:00,2026-06-20 15:10:00,G305863,商务座,938,121,1787.0,2026-06-20 00:00:00
98,深圳,成都,2026-06-20 07:15:00,2026-06-20 17:45:00,G611615,商务座,511,236,2007.0,2026-06-20 00:00:00
99,深圳,成都,2026-06-20 09:20:00,2026-06-20 16:20:00,G901162,一等座,1058,68,1174.0,2026-06-20 00:00:00
100,深圳,成都,2026-06-21 19:15:00,2026-06-22 05:15:00,G203182,一等座,854,80,1382.0,2026-06-20 00:00:00
101,深圳,成都,2026-06-21 11:20:00,2026-06-21 19:20:00,G203490,二等座,1039,670,640.0,2026-06-20 00:00:00
102,深圳,成都,2026-06-21 15:20:00,2026-06-22 00:20:00,G815912,商务座,840,106,2022.0,2026-06-20 00:00:00
103,深圳,成都,2026-06-21 17:00:00,2026-06-22 04:00:00,G407447,一等座,633,428,1169.0,2026-06-20 00:00:00
104,深圳,成都,2026-06-21 19:15:00,2026-06-22 05:15:00,G713420,商务座,720,442,1370.0,2026-06-20 00:00:00
105,深圳,成都,2026-06-21 16:10:00,2026-06-22 01:40:00,G305951,商务座,468,51,1855.0,2026-06-20 00:00:00
106,深圳,成都,2026-06-22 07:15:00,2026-06-22 14:45:00,G611675,二等座,461,305,784.0,2026-06-20 00:00:00
107,深圳,成都,2026-06-22 14:10:00,2026-06-22 21:40:00,G713988,一等座,1168,871,1344.0,2026-06-20 00:00:00
108,深圳,成都,2026-06-22 20:30:00,2026-06-23 03:30:00,G509691,商务座,760,111,1647.0,2026-06-20 00:00:00
109,深圳,成都,2026-06-23 08:30:00,2026-06-23 19:00:00,G407217,二等座,969,381,679.0,2026-06-20 00:00:00
110,深圳,成都,2026-06-23 18:10:00,2026-06-24 02:40:00,G713723,商务座,1036,58,2230.0,2026-06-20 00:00:00
111,深圳,成都,2026-06-23 20:30:00,2026-06-24 05:30:00,G101447,二等座,1119,637,639.0,2026-06-20 00:00:00
112,深圳,成都,2026-06-23 11:00:00,2026-06-23 19:00:00,G305245,商务座,810,76,2090.0,2026-06-20 00:00:00
113,深圳,成都,2026-06-24 07:30:00,2026-06-24 18:30:00,G407261,一等座,864,354,1142.0,2026-06-20 00:00:00
114,深圳,成都,2026-06-24 11:10:00,2026-06-24 20:40:00,G203790,二等座,561,55,579.0,2026-06-20 00:00:00
115,深圳,成都,2026-06-24 07:10:00,2026-06-24 17:40:00,G713379,一等座,852,429,1296.0,2026-06-20 00:00:00
116,深圳,成都,2026-06-25 18:20:00,2026-06-26 01:50:00,G611598,一等座,690,612,889.0,2026-06-20 00:00:00
117,深圳,成都,2026-06-25 14:30:00,2026-06-25 23:30:00,G101107,二等座,1013,61,702.0,2026-06-20 00:00:00
118,深圳,成都,2026-06-25 09:10:00,2026-06-25 17:40:00,G305107,一等座,735,127,1036.0,2026-06-20 00:00:00
119,深圳,成都,2026-06-25 13:30:00,2026-06-25 23:30:00,G305335,二等座,945,725,694.0,2026-06-20 00:00:00
120,深圳,成都,2026-06-26 07:15:00,2026-06-26 14:15:00,G713420,二等座,479,446,735.0,2026-06-20 00:00:00
121,深圳,成都,2026-06-26 15:15:00,2026-06-27 01:15:00,G713432,一等座,814,26,892.0,2026-06-20 00:00:00
122,深圳,成都,2026-06-26 08:45:00,2026-06-26 19:15:00,G611546,二等座,508,129,723.0,2026-06-20 00:00:00
123,深圳,成都,2026-06-26 15:15:00,2026-06-27 02:15:00,G203326,一等座,1163,700,1052.0,2026-06-20 00:00:00
124,深圳,成都,2026-06-26 11:45:00,2026-06-26 19:45:00,G203894,商务座,516,203,2060.0,2026-06-20 00:00:00
125,深圳,西安,2026-06-20 11:30:00,2026-06-20 20:30:00,G407277,二等座,662,207,674.0,2026-06-20 00:00:00
126,深圳,西安,2026-06-20 15:05:00,2026-06-20 23:35:00,G305677,商务座,875,777,2130.0,2026-06-20 00:00:00
127,深圳,西安,2026-06-20 18:20:00,2026-06-21 05:50:00,G611169,商务座,554,455,1902.0,2026-06-20 00:00:00
128,深圳,西安,2026-06-20 13:15:00,2026-06-20 23:15:00,G509175,商务座,760,524,1570.0,2026-06-20 00:00:00
129,深圳,西安,2026-06-20 10:15:00,2026-06-20 21:45:00,G101760,二等座,693,83,788.0,2026-06-20 00:00:00
130,深圳,西安,2026-06-21 15:20:00,2026-06-22 03:20:00,G713856,一等座,967,815,1435.0,2026-06-20 00:00:00
131,深圳,西安,2026-06-21 20:00:00,2026-06-22 07:30:00,G407254,一等座,887,518,1454.0,2026-06-20 00:00:00
132,深圳,西安,2026-06-21 06:15:00,2026-06-21 14:45:00,G611276,商务座,916,666,1607.0,2026-06-20 00:00:00
133,深圳,西安,2026-06-22 09:30:00,2026-06-22 21:00:00,G815472,商务座,1024,167,2167.0,2026-06-20 00:00:00
134,深圳,西安,2026-06-22 11:10:00,2026-06-22 22:10:00,G713908,一等座,1012,58,1515.0,2026-06-20 00:00:00
135,深圳,西安,2026-06-22 16:30:00,2026-06-23 03:00:00,G203495,一等座,971,699,1036.0,2026-06-20 00:00:00
136,深圳,西安,2026-06-23 10:30:00,2026-06-23 19:30:00,G611458,二等座,1079,294,898.0,2026-06-20 00:00:00
137,深圳,西安,2026-06-23 10:30:00,2026-06-23 21:30:00,G305672,商务座,486,163,2405.0,2026-06-20 00:00:00
138,深圳,西安,2026-06-23 12:30:00,2026-06-23 23:00:00,G305195,商务座,1156,1083,2397.0,2026-06-20 00:00:00
139,深圳,西安,2026-06-23 16:30:00,2026-06-24 03:30:00,G901284,一等座,771,321,974.0,2026-06-20 00:00:00
140,深圳,西安,2026-06-23 09:10:00,2026-06-23 20:40:00,G407402,二等座,558,84,670.0,2026-06-20 00:00:00
141,深圳,西安,2026-06-24 14:45:00,2026-06-25 02:45:00,G901234,二等座,744,637,938.0,2026-06-20 00:00:00
142,深圳,西安,2026-06-24 15:15:00,2026-06-25 00:15:00,G305838,二等座,1109,344,1025.0,2026-06-20 00:00:00
143,深圳,西安,2026-06-24 13:00:00,2026-06-25 00:00:00,G611725,商务座,643,459,2420.0,2026-06-20 00:00:00
144,深圳,西安,2026-06-25 18:30:00,2026-06-26 06:00:00,G407955,商务座,716,485,1805.0,2026-06-20 00:00:00
145,深圳,西安,2026-06-25 09:10:00,2026-06-25 20:40:00,G815640,一等座,791,519,1596.0,2026-06-20 00:00:00
146,深圳,西安,2026-06-25 12:05:00,2026-06-25 21:35:00,G305995,一等座,1056,989,1001.0,2026-06-20 00:00:00
147,深圳,西安,2026-06-25 11:20:00,2026-06-25 19:50:00,G901264,二等座,485,395,745.0,2026-06-20 00:00:00
148,深圳,西安,2026-06-25 10:15:00,2026-06-25 22:15:00,G305457,一等座,627,466,1033.0,2026-06-20 00:00:00
149,深圳,西安,2026-06-26 12:00:00,2026-06-26 23:00:00,G901483,一等座,795,88,1152.0,2026-06-20 00:00:00
150,深圳,西安,2026-06-26 09:00:00,2026-06-26 19:30:00,G203240,商务座,743,154,2330.0,2026-06-20 00:00:00
151,深圳,西安,2026-06-26 06:10:00,2026-06-26 17:40:00,G305105,商务座,859,635,2100.0,2026-06-20 00:00:00
152,深圳,武汉,2026-06-20 06:10:00,2026-06-20 10:40:00,G305894,商务座,833,118,1675.0,2026-06-20 00:00:00
153,深圳,武汉,2026-06-20 10:05:00,2026-06-20 15:05:00,G203912,二等座,829,659,522.0,2026-06-20 00:00:00
154,深圳,武汉,2026-06-20 15:15:00,2026-06-20 19:15:00,G203627,一等座,416,328,1078.0,2026-06-20 00:00:00
155,深圳,武汉,2026-06-21 17:05:00,2026-06-21 22:05:00,G713526,二等座,646,589,580.0,2026-06-20 00:00:00
156,深圳,武汉,2026-06-21 08:30:00,2026-06-21 12:30:00,G901619,一等座,938,562,694.0,2026-06-20 00:00:00
157,深圳,武汉,2026-06-21 18:20:00,2026-06-22 00:20:00,G101496,一等座,444,330,1024.0,2026-06-20 00:00:00
158,深圳,武汉,2026-06-21 11:10:00,2026-06-21 15:10:00,G611890,二等座,646,111,576.0,2026-06-20 00:00:00
159,深圳,武汉,2026-06-22 08:00:00,2026-06-22 13:00:00,G901812,一等座,1197,956,782.0,2026-06-20 00:00:00
160,深圳,武汉,2026-06-22 13:30:00,2026-06-22 18:00:00,G305306,二等座,437,155,634.0,2026-06-20 00:00:00
161,深圳,武汉,2026-06-22 06:45:00,2026-06-22 11:15:00,G101934,一等座,927,412,892.0,2026-06-20 00:00:00
162,深圳,武汉,2026-06-22 14:15:00,2026-06-22 19:15:00,G101982,商务座,692,370,1242.0,2026-06-20 00:00:00
163,深圳,武汉,2026-06-22 18:00:00,2026-06-22 23:00:00,G509861,二等座,847,414,588.0,2026-06-20 00:00:00
164,深圳,武汉,2026-06-23 20:15:00,2026-06-24 01:15:00,G305373,一等座,776,536,1046.0,2026-06-20 00:00:00
165,深圳,武汉,2026-06-23 18:00:00,2026-06-23 23:30:00,G203428,一等座,958,305,787.0,2026-06-20 00:00:00
166,深圳,武汉,2026-06-23 07:00:00,2026-06-23 12:00:00,G509536,一等座,1017,739,1004.0,2026-06-20 00:00:00
167,深圳,武汉,2026-06-23 08:30:00,2026-06-23 14:00:00,G611729,一等座,1144,727,673.0,2026-06-20 00:00:00
168,深圳,武汉,2026-06-23 12:10:00,2026-06-23 16:10:00,G203920,商务座,772,530,1517.0,2026-06-20 00:00:00
169,深圳,武汉,2026-06-23 17:30:00,2026-06-23 22:00:00,G101168,二等座,435,69,624.0,2026-06-20 00:00:00
170,深圳,武汉,2026-06-24 18:30:00,2026-06-24 23:30:00,G611257,一等座,433,314,1104.0,2026-06-20 00:00:00
171,深圳,武汉,2026-06-24 16:15:00,2026-06-24 21:15:00,G611642,一等座,987,145,702.0,2026-06-20 00:00:00
172,深圳,武汉,2026-06-24 11:15:00,2026-06-24 16:15:00,G509290,二等座,426,381,458.0,2026-06-20 00:00:00
173,深圳,武汉,2026-06-24 13:20:00,2026-06-24 18:50:00,G901820,二等座,1193,538,534.0,2026-06-20 00:00:00
174,深圳,武汉,2026-06-25 09:20:00,2026-06-25 14:20:00,G815562,二等座,538,80,462.0,2026-06-20 00:00:00
175,深圳,武汉,2026-06-25 08:30:00,2026-06-25 14:00:00,G203826,商务座,1083,716,1407.0,2026-06-20 00:00:00
176,深圳,武汉,2026-06-25 07:20:00,2026-06-25 13:20:00,G509912,一等座,1128,361,768.0,2026-06-20 00:00:00
177,深圳,武汉,2026-06-25 11:20:00,2026-06-25 15:50:00,G203126,二等座,642,510,471.0,2026-06-20 00:00:00
178,深圳,武汉,2026-06-25 11:20:00,2026-06-25 17:20:00,G611167,一等座,532,93,1091.0,2026-06-20 00:00:00
179,深圳,武汉,2026-06-25 10:15:00,2026-06-25 15:45:00,G901228,一等座,988,80,974.0,2026-06-20 00:00:00
180,深圳,武汉,2026-06-26 16:00:00,2026-06-26 21:30:00,G815999,商务座,752,136,1660.0,2026-06-20 00:00:00
181,深圳,武汉,2026-06-26 19:45:00,2026-06-27 01:45:00,G305156,二等座,914,894,621.0,2026-06-20 00:00:00
182,深圳,武汉,2026-06-26 19:00:00,2026-06-27 01:00:00,G305826,一等座,565,335,774.0,2026-06-20 00:00:00
183,深圳,武汉,2026-06-26 09:10:00,2026-06-26 15:10:00,G509381,二等座,601,569,528.0,2026-06-20 00:00:00
184,深圳,武汉,2026-06-26 08:30:00,2026-06-26 13:30:00,G901706,二等座,1056,350,657.0,2026-06-20 00:00:00
185,广州,深圳,2026-06-20 08:30:00,2026-06-20 10:00:00,G611146,商务座,429,46,212.0,2026-06-20 00:00:00
186,广州,深圳,2026-06-20 16:45:00,2026-06-20 18:15:00,G509526,商务座,1185,1176,265.0,2026-06-20 00:00:00
187,广州,深圳,2026-06-20 15:30:00,2026-06-20 16:00:00,G815409,商务座,696,662,372.0,2026-06-20 00:00:00
188,广州,深圳,2026-06-20 13:05:00,2026-06-20 14:35:00,G713161,一等座,474,357,220.0,2026-06-20 00:00:00
189,广州,深圳,2026-06-21 13:15:00,2026-06-21 14:15:00,G815420,二等座,1021,152,123.0,2026-06-20 00:00:00
190,广州,深圳,2026-06-21 19:30:00,2026-06-21 20:30:00,G611627,一等座,1178,763,153.0,2026-06-20 00:00:00
191,广州,深圳,2026-06-21 14:00:00,2026-06-21 15:00:00,G407353,一等座,673,465,152.0,2026-06-20 00:00:00
192,广州,深圳,2026-06-21 08:00:00,2026-06-21 08:30:00,G509354,一等座,1030,861,304.0,2026-06-20 00:00:00
193,广州,深圳,2026-06-22 19:10:00,2026-06-22 20:40:00,G611627,二等座,563,515,177.0,2026-06-20 00:00:00
194,广州,深圳,2026-06-22 13:15:00,2026-06-22 14:15:00,G815568,二等座,802,522,91.0,2026-06-20 00:00:00
195,广州,深圳,2026-06-22 09:05:00,2026-06-22 10:35:00,G611711,二等座,688,511,86.0,2026-06-20 00:00:00
196,广州,深圳,2026-06-22 20:45:00,2026-06-22 22:15:00,G815541,一等座,408,60,236.0,2026-06-20 00:00:00
197,广州,深圳,2026-06-23 20:10:00,2026-06-23 21:40:00,G611152,一等座,446,210,201.0,2026-06-20 00:00:00
198,广州,深圳,2026-06-23 15:20:00,2026-06-23 15:50:00,G611616,商务座,475,202,290.0,2026-06-20 00:00:00
199,广州,深圳,2026-06-23 13:45:00,2026-06-23 15:15:00,G509231,商务座,1025,126,417.0,2026-06-20 00:00:00
200,广州,深圳,2026-06-23 07:15:00,2026-06-23 08:15:00,G611303,商务座,774,152,500.0,2026-06-20 00:00:00
201,广州,深圳,2026-06-24 14:00:00,2026-06-24 14:30:00,G101631,二等座,741,490,171.0,2026-06-20 00:00:00
202,广州,深圳,2026-06-24 13:05:00,2026-06-24 14:35:00,G901266,二等座,1027,331,121.0,2026-06-20 00:00:00
203,广州,深圳,2026-06-24 12:20:00,2026-06-24 13:50:00,G509621,商务座,919,853,307.0,2026-06-20 00:00:00
204,广州,深圳,2026-06-24 14:15:00,2026-06-24 15:45:00,G509439,一等座,417,193,294.0,2026-06-20 00:00:00
205,广州,深圳,2026-06-24 16:00:00,2026-06-24 17:00:00,G509711,商务座,1104,59,477.0,2026-06-20 00:00:00
206,广州,深圳,2026-06-24 13:10:00,2026-06-24 14:40:00,G407274,商务座,997,496,215.0,2026-06-20 00:00:00
207,广州,深圳,2026-06-25 08:45:00,2026-06-25 10:15:00,G407295,二等座,1117,230,153.0,2026-06-20 00:00:00
208,广州,深圳,2026-06-25 06:15:00,2026-06-25 07:15:00,G713520,二等座,1107,422,132.0,2026-06-20 00:00:00
209,广州,深圳,2026-06-25 14:45:00,2026-06-25 16:15:00,G815241,商务座,463,366,432.0,2026-06-20 00:00:00
210,广州,深圳,2026-06-25 14:05:00,2026-06-25 15:35:00,G611421,商务座,938,390,352.0,2026-06-20 00:00:00
211,广州,深圳,2026-06-25 08:15:00,2026-06-25 09:45:00,G611724,商务座,1092,546,312.0,2026-06-20 00:00:00
212,广州,深圳,2026-06-25 13:05:00,2026-06-25 13:35:00,G509889,商务座,630,309,295.0,2026-06-20 00:00:00
213,广州,深圳,2026-06-26 17:05:00,2026-06-26 18:35:00,G815914,一等座,757,578,225.0,2026-06-20 00:00:00
214,广州,深圳,2026-06-26 17:10:00,2026-06-26 18:10:00,G203504,商务座,956,393,415.0,2026-06-20 00:00:00
215,广州,深圳,2026-06-26 19:10:00,2026-06-26 19:40:00,G509454,二等座,1131,166,116.0,2026-06-20 00:00:00
216,广州,深圳,2026-06-26 20:15:00,2026-06-26 21:45:00,G509947,商务座,619,211,352.0,2026-06-20 00:00:00
217,广州,深圳,2026-06-26 14:10:00,2026-06-26 15:40:00,G509348,二等座,1030,495,93.0,2026-06-20 00:00:00
218,广州,北京,2026-06-20 16:20:00,2026-06-21 01:50:00,G407834,二等座,823,343,851.0,2026-06-20 00:00:00
219,广州,北京,2026-06-20 13:00:00,2026-06-20 22:00:00,G101999,商务座,816,673,2200.0,2026-06-20 00:00:00
220,广州,北京,2026-06-20 13:15:00,2026-06-20 22:45:00,G509887,一等座,1061,126,1513.0,2026-06-20 00:00:00
221,广州,北京,2026-06-21 16:20:00,2026-06-22 01:50:00,G901527,商务座,438,94,2925.0,2026-06-20 00:00:00
222,广州,北京,2026-06-21 20:45:00,2026-06-22 05:45:00,G101997,一等座,590,301,1684.0,2026-06-20 00:00:00
223,广州,北京,2026-06-21 06:00:00,2026-06-21 16:00:00,G203656,一等座,865,661,1512.0,2026-06-20 00:00:00
224,广州,北京,2026-06-22 20:05:00,2026-06-23 08:05:00,G815266,一等座,515,174,1436.0,2026-06-20 00:00:00
225,广州,北京,2026-06-22 17:15:00,2026-06-23 03:15:00,G305681,二等座,745,307,1177.0,2026-06-20 00:00:00
226,广州,北京,2026-06-22 16:45:00,2026-06-23 02:15:00,G305627,商务座,815,442,2817.0,2026-06-20 00:00:00
227,广州,北京,2026-06-22 11:00:00,2026-06-22 22:00:00,G203354,二等座,888,336,871.0,2026-06-20 00:00:00
228,广州,北京,2026-06-22 06:10:00,2026-06-22 17:10:00,G407409,一等座,673,342,1896.0,2026-06-20 00:00:00
229,广州,北京,2026-06-22 15:30:00,2026-06-22 23:30:00,G509163,商务座,1109,488,2460.0,2026-06-20 00:00:00
230,广州,北京,2026-06-23 13:10:00,2026-06-23 22:10:00,G713806,商务座,1120,641,2642.0,2026-06-20 00:00:00
231,广州,北京,2026-06-23 07:30:00,2026-06-23 17:30:00,G611589,商务座,624,141,2282.0,2026-06-20 00:00:00
232,广州,北京,2026-06-23 08:15:00,2026-06-23 18:45:00,G713650,商务座,882,780,2702.0,2026-06-20 00:00:00
233,广州,北京,2026-06-24 18:05:00,2026-06-25 02:35:00,G901179,一等座,1120,745,1712.0,2026-06-20 00:00:00
234,广州,北京,2026-06-24 20:20:00,2026-06-25 04:50:00,G101649,商务座,607,591,2645.0,2026-06-20 00:00:00
235,广州,北京,2026-06-24 08:05:00,2026-06-24 18:35:00,G901834,一等座,1096,425,1374.0,2026-06-20 00:00:00
236,广州,北京,2026-06-24 15:15:00,2026-06-24 23:45:00,G901625,一等座,864,140,1324.0,2026-06-20 00:00:00
237,广州,北京,2026-06-25 13:20:00,2026-06-25 21:20:00,G901505,一等座,715,27,1830.0,2026-06-20 00:00:00
238,广州,北京,2026-06-25 10:45:00,2026-06-25 18:45:00,G407452,商务座,446,221,2092.0,2026-06-20 00:00:00
239,广州,北京,2026-06-25 17:00:00,2026-06-26 05:00:00,G101518,二等座,432,151,1041.0,2026-06-20 00:00:00
240,广州,北京,2026-06-25 08:45:00,2026-06-25 17:45:00,G713484,一等座,859,391,1592.0,2026-06-20 00:00:00
241,广州,北京,2026-06-25 07:30:00,2026-06-25 19:30:00,G305650,商务座,521,187,2445.0,2026-06-20 00:00:00
242,广州,北京,2026-06-25 12:20:00,2026-06-25 21:20:00,G407574,二等座,423,157,1187.0,2026-06-20 00:00:00
243,广州,北京,2026-06-26 14:15:00,2026-06-26 23:45:00,G407293,一等座,558,287,1563.0,2026-06-20 00:00:00
244,广州,北京,2026-06-26 20:30:00,2026-06-27 05:00:00,G101346,商务座,1029,37,2535.0,2026-06-20 00:00:00
245,广州,北京,2026-06-26 09:00:00,2026-06-26 17:30:00,G101350,一等座,1088,104,1769.0,2026-06-20 00:00:00
246,广州,北京,2026-06-26 17:00:00,2026-06-27 04:00:00,G815243,二等座,622,62,1076.0,2026-06-20 00:00:00
247,广州,北京,2026-06-26 14:10:00,2026-06-26 23:40:00,G611342,商务座,1191,661,2765.0,2026-06-20 00:00:00
248,广州,北京,2026-06-26 10:05:00,2026-06-26 22:05:00,G407670,一等座,681,67,1524.0,2026-06-20 00:00:00
249,上海,北京,2026-06-20 16:30:00,2026-06-20 22:00:00,G901787,一等座,752,663,838.0,2026-06-20 00:00:00
250,上海,北京,2026-06-20 12:45:00,2026-06-20 18:45:00,G611407,商务座,818,157,1782.0,2026-06-20 00:00:00
251,上海,北京,2026-06-20 12:05:00,2026-06-20 19:05:00,G901978,一等座,630,312,996.0,2026-06-20 00:00:00
252,上海,北京,2026-06-20 17:05:00,2026-06-21 00:05:00,G815670,二等座,822,431,787.0,2026-06-20 00:00:00
253,上海,北京,2026-06-21 12:05:00,2026-06-21 17:05:00,G407194,一等座,860,384,864.0,2026-06-20 00:00:00
254,上海,北京,2026-06-21 14:30:00,2026-06-21 21:30:00,G407719,二等座,786,694,637.0,2026-06-20 00:00:00
255,上海,北京,2026-06-21 15:00:00,2026-06-21 22:00:00,G203590,二等座,1141,449,800.0,2026-06-20 00:00:00
256,上海,北京,2026-06-21 09:45:00,2026-06-21 14:45:00,G509864,二等座,594,125,608.0,2026-06-20 00:00:00
257,上海,北京,2026-06-22 20:05:00,2026-06-23 02:35:00,G407894,一等座,965,334,995.0,2026-06-20 00:00:00
258,上海,北京,2026-06-22 10:15:00,2026-06-22 15:45:00,G901468,商务座,715,272,1707.0,2026-06-20 00:00:00
259,上海,北京,2026-06-22 14:15:00,2026-06-22 19:45:00,G203308,商务座,1179,660,1850.0,2026-06-20 00:00:00
260,上海,北京,2026-06-22 11:10:00,2026-06-22 16:40:00,G101116,商务座,1159,303,1532.0,2026-06-20 00:00:00
261,上海,北京,2026-06-22 10:20:00,2026-06-22 16:20:00,G713335,一等座,600,342,924.0,2026-06-20 00:00:00
262,上海,北京,2026-06-22 12:20:00,2026-06-22 19:20:00,G407363,一等座,1070,696,1249.0,2026-06-20 00:00:00
263,上海,北京,2026-06-23 17:30:00,2026-06-24 00:00:00,G815273,一等座,1150,726,937.0,2026-06-20 00:00:00
264,上海,北京,2026-06-23 08:30:00,2026-06-23 14:30:00,G815636,二等座,1057,125,777.0,2026-06-20 00:00:00
265,上海,北京,2026-06-23 06:45:00,2026-06-23 13:45:00,G203522,商务座,1182,18,1310.0,2026-06-20 00:00:00
266,上海,北京,2026-06-23 08:45:00,2026-06-23 15:15:00,G407617,二等座,409,116,577.0,2026-06-20 00:00:00
267,上海,北京,2026-06-23 13:10:00,2026-06-23 17:10:00,G815644,商务座,416,8,1872.0,2026-06-20 00:00:00
268,上海,北京,2026-06-23 14:15:00,2026-06-23 18:15:00,G101117,商务座,948,298,1600.0,2026-06-20 00:00:00
269,上海,北京,2026-06-24 18:05:00,2026-06-24 22:05:00,G203734,商务座,646,201,1440.0,2026-06-20 00:00:00
270,上海,北京,2026-06-24 14:10:00,2026-06-24 21:10:00,G611515,一等座,480,196,1124.0,2026-06-20 00:00:00
271,上海,北京,2026-06-24 13:20:00,2026-06-24 17:50:00,G407195,一等座,1069,69,865.0,2026-06-20 00:00:00
272,上海,北京,2026-06-24 12:15:00,2026-06-24 17:45:00,G901819,一等座,1052,24,844.0,2026-06-20 00:00:00
273,上海,北京,2026-06-24 08:00:00,2026-06-24 13:30:00,G713197,商务座,979,883,1672.0,2026-06-20 00:00:00
274,上海,北京,2026-06-24 20:20:00,2026-06-25 00:20:00,G407147,二等座,886,282,790.0,2026-06-20 00:00:00
275,上海,北京,2026-06-25 16:10:00,2026-06-25 22:10:00,G101701,二等座,416,111,661.0,2026-06-20 00:00:00
276,上海,北京,2026-06-25 08:45:00,2026-06-25 15:45:00,G713680,二等座,566,251,653.0,2026-06-20 00:00:00
277,上海,北京,2026-06-25 19:45:00,2026-06-26 01:15:00,G901909,一等座,1173,291,1113.0,2026-06-20 00:00:00
278,上海,北京,2026-06-26 14:30:00,2026-06-26 19:30:00,G101448,二等座,637,82,723.0,2026-06-20 00:00:00
279,上海,北京,2026-06-26 15:45:00,2026-06-26 21:45:00,G713902,一等座,1049,564,824.0,2026-06-20 00:00:00
280,上海,北京,2026-06-26 13:15:00,2026-06-26 17:45:00,G611796,商务座,842,195,1730.0,2026-06-20 00:00:00
281,北京,上海,2026-06-20 07:45:00,2026-06-20 13:45:00,G509257,二等座,484,142,537.0,2026-06-20 00:00:00
282,北京,上海,2026-06-20 12:30:00,2026-06-20 19:30:00,G305209,商务座,724,374,1747.0,2026-06-20 00:00:00
283,北京,上海,2026-06-20 07:00:00,2026-06-20 12:00:00,G815189,一等座,504,72,1020.0,2026-06-20 00:00:00
284,北京,上海,2026-06-20 08:15:00,2026-06-20 13:45:00,G901126,商务座,817,110,1905.0,2026-06-20 00:00:00
285,北京,上海,2026-06-20 07:10:00,2026-06-20 13:10:00,G203398,商务座,794,17,1665.0,2026-06-20 00:00:00
286,北京,上海,2026-06-20 12:15:00,2026-06-20 19:15:00,G203633,商务座,648,590,1965.0,2026-06-20 00:00:00
287,北京,上海,2026-06-21 16:15:00,2026-06-21 20:45:00,G305249,一等座,674,509,1046.0,2026-06-20 00:00:00
288,北京,上海,2026-06-21 07:05:00,2026-06-21 12:35:00,G509178,一等座,895,806,1044.0,2026-06-20 00:00:00
289,北京,上海,2026-06-21 11:10:00,2026-06-21 15:40:00,G815238,商务座,868,114,1500.0,2026-06-20 00:00:00
290,北京,上海,2026-06-21 10:00:00,2026-06-21 15:30:00,G611442,商务座,737,455,1735.0,2026-06-20 00:00:00
291,北京,上海,2026-06-22 19:45:00,2026-06-23 02:45:00,G305811,一等座,1017,975,1062.0,2026-06-20 00:00:00
292,北京,上海,2026-06-22 09:15:00,2026-06-22 14:15:00,G305602,一等座,698,653,1060.0,2026-06-20 00:00:00
293,北京,上海,2026-06-22 15:45:00,2026-06-22 20:15:00,G611216,一等座,802,378,1028.0,2026-06-20 00:00:00
294,北京,上海,2026-06-22 20:20:00,2026-06-23 00:50:00,G901572,二等座,427,377,781.0,2026-06-20 00:00:00
295,北京,上海,2026-06-22 17:05:00,2026-06-22 22:35:00,G509611,商务座,818,694,1337.0,2026-06-20 00:00:00
296,北京,上海,2026-06-22 08:30:00,2026-06-22 13:30:00,G407908,一等座,1132,871,924.0,2026-06-20 00:00:00
297,北京,上海,2026-06-23 07:15:00,2026-06-23 13:15:00,G815990,商务座,947,523,1762.0,2026-06-20 00:00:00
298,北京,上海,2026-06-23 17:15:00,2026-06-23 23:15:00,G101187,一等座,1008,658,1238.0,2026-06-20 00:00:00
299,北京,上海,2026-06-23 07:45:00,2026-06-23 12:15:00,G611793,二等座,976,665,522.0,2026-06-20 00:00:00
300,北京,上海,2026-06-23 16:15:00,2026-06-23 23:15:00,G611364,一等座,410,55,886.0,2026-06-20 00:00:00
301,北京,上海,2026-06-23 09:20:00,2026-06-23 15:50:00,G901556,商务座,1104,457,1992.0,2026-06-20 00:00:00
302,北京,上海,2026-06-23 11:15:00,2026-06-23 16:45:00,G901207,二等座,425,252,676.0,2026-06-20 00:00:00
303,北京,上海,2026-06-24 12:00:00,2026-06-24 16:00:00,G305903,一等座,751,471,1054.0,2026-06-20 00:00:00
304,北京,上海,2026-06-24 09:20:00,2026-06-24 14:50:00,G611813,一等座,848,744,878.0,2026-06-20 00:00:00
305,北京,上海,2026-06-24 13:10:00,2026-06-24 17:10:00,G509763,二等座,423,180,558.0,2026-06-20 00:00:00
306,北京,上海,2026-06-24 07:30:00,2026-06-24 14:30:00,G305665,商务座,928,183,1560.0,2026-06-20 00:00:00
307,北京,上海,2026-06-24 08:10:00,2026-06-24 14:10:00,G713288,一等座,814,649,988.0,2026-06-20 00:00:00
308,北京,上海,2026-06-25 16:30:00,2026-06-25 22:00:00,G713539,二等座,860,611,601.0,2026-06-20 00:00:00
309,北京,上海,2026-06-25 12:00:00,2026-06-25 18:30:00,G407691,二等座,1170,133,642.0,2026-06-20 00:00:00
310,北京,上海,2026-06-25 07:45:00,2026-06-25 14:45:00,G901568,二等座,733,206,687.0,2026-06-20 00:00:00
311,北京,上海,2026-06-25 07:10:00,2026-06-25 13:40:00,G815725,商务座,1011,402,1650.0,2026-06-20 00:00:00
312,北京,上海,2026-06-26 15:00:00,2026-06-26 20:00:00,G611729,一等座,1089,614,940.0,2026-06-20 00:00:00
313,北京,上海,2026-06-26 15:00:00,2026-06-26 21:30:00,G305219,一等座,644,317,896.0,2026-06-20 00:00:00
314,北京,上海,2026-06-26 08:10:00,2026-06-26 14:40:00,G305241,商务座,828,615,1745.0,2026-06-20 00:00:00
315,北京,上海,2026-06-26 15:15:00,2026-06-26 20:45:00,G305668,一等座,1110,359,1240.0,2026-06-20 00:00:00
316,北京,上海,2026-06-26 08:15:00,2026-06-26 13:15:00,G305154,二等座,861,639,661.0,2026-06-20 00:00:00
317,北京,上海,2026-06-26 19:10:00,2026-06-26 23:10:00,G815617,二等座,793,580,599.0,2026-06-20 00:00:00
318,广州,上海,2026-06-20 12:30:00,2026-06-20 22:00:00,G713184,商务座,900,176,2067.0,2026-06-20 00:00:00
319,广州,上海,2026-06-20 15:00:00,2026-06-20 22:30:00,G509395,二等座,630,555,740.0,2026-06-20 00:00:00
320,广州,上海,2026-06-20 08:45:00,2026-06-20 18:15:00,G815216,商务座,515,298,2152.0,2026-06-20 00:00:00
321,广州,上海,2026-06-20 10:45:00,2026-06-20 20:45:00,G611836,商务座,442,394,2467.0,2026-06-20 00:00:00
322,广州,上海,2026-06-20 13:20:00,2026-06-20 20:50:00,G713404,二等座,1069,511,976.0,2026-06-20 00:00:00
323,广州,上海,2026-06-20 19:00:00,2026-06-21 04:30:00,G509894,一等座,849,125,1030.0,2026-06-20 00:00:00
324,广州,上海,2026-06-21 09:45:00,2026-06-21 18:15:00,G713933,二等座,542,216,915.0,2026-06-20 00:00:00
325,广州,上海,2026-06-21 09:45:00,2026-06-21 15:45:00,G611272,商务座,1011,556,1857.0,2026-06-20 00:00:00
326,广州,上海,2026-06-21 11:30:00,2026-06-21 19:30:00,G509795,商务座,926,926,1840.0,2026-06-20 00:00:00
327,广州,上海,2026-06-21 19:00:00,2026-06-22 02:00:00,G713818,二等座,1071,264,741.0,2026-06-20 00:00:00
328,广州,上海,2026-06-22 09:05:00,2026-06-22 17:35:00,G407691,商务座,901,150,2002.0,2026-06-20 00:00:00
329,广州,上海,2026-06-22 16:10:00,2026-06-23 01:10:00,G713512,一等座,1048,195,1020.0,2026-06-20 00:00:00
330,广州,上海,2026-06-22 14:30:00,2026-06-22 22:30:00,G611102,一等座,735,600,1358.0,2026-06-20 00:00:00
331,广州,上海,2026-06-22 19:45:00,2026-06-23 02:15:00,G815970,商务座,1114,738,2350.0,2026-06-20 00:00:00
332,广州,上海,2026-06-23 18:20:00,2026-06-24 03:20:00,G407430,一等座,906,279,1132.0,2026-06-20 00:00:00
333,广州,上海,2026-06-23 19:10:00,2026-06-24 03:40:00,G901596,商务座,979,877,1665.0,2026-06-20 00:00:00
334,广州,上海,2026-06-23 18:10:00,2026-06-24 00:10:00,G101227,二等座,870,21,920.0,2026-06-20 00:00:00
335,广州,上海,2026-06-24 13:15:00,2026-06-24 19:15:00,G713262,二等座,535,314,952.0,2026-06-20 00:00:00
336,广州,上海,2026-06-24 19:10:00,2026-06-25 01:40:00,G611764,一等座,780,685,1027.0,2026-06-20 00:00:00
337,广州,上海,2026-06-24 08:00:00,2026-06-24 17:00:00,G509539,商务座,1173,484,2395.0,2026-06-20 00:00:00
338,广州,上海,2026-06-24 16:00:00,2026-06-24 22:30:00,G101707,二等座,479,72,844.0,2026-06-20 00:00:00
339,广州,上海,2026-06-25 14:30:00,2026-06-26 00:00:00,G101980,二等座,751,128,956.0,2026-06-20 00:00:00
340,广州,上海,2026-06-25 12:30:00,2026-06-25 19:30:00,G815848,二等座,792,96,717.0,2026-06-20 00:00:00
341,广州,上海,2026-06-25 18:00:00,2026-06-26 00:30:00,G611892,一等座,540,396,1204.0,2026-06-20 00:00:00
342,广州,上海,2026-06-25 19:45:00,2026-06-26 02:45:00,G305724,二等座,976,13,871.0,2026-06-20 00:00:00
343,广州,上海,2026-06-26 13:10:00,2026-06-26 20:40:00,G305980,一等座,1103,911,1464.0,2026-06-20 00:00:00
344,广州,上海,2026-06-26 09:00:00,2026-06-26 15:30:00,G305459,二等座,1147,791,901.0,2026-06-20 00:00:00
345,广州,上海,2026-06-26 12:10:00,2026-06-26 19:10:00,G407666,一等座,486,132,1488.0,2026-06-20 00:00:00
346,广州,上海,2026-06-26 15:20:00,2026-06-26 23:20:00,G101721,商务座,610,535,1885.0,2026-06-20 00:00:00
347,成都,西安,2026-06-20 17:15:00,2026-06-20 21:15:00,G101346,二等座,795,120,326.0,2026-06-20 00:00:00
348,成都,西安,2026-06-20 13:30:00,2026-06-20 18:30:00,G203235,商务座,769,329,507.0,2026-06-20 00:00:00
349,成都,西安,2026-06-20 12:45:00,2026-06-20 17:45:00,G713881,一等座,1099,358,542.0,2026-06-20 00:00:00
350,成都,西安,2026-06-20 13:45:00,2026-06-20 16:45:00,G101320,商务座,414,139,542.0,2026-06-20 00:00:00
351,成都,西安,2026-06-21 20:00:00,2026-06-22 00:30:00,G901885,一等座,1129,1031,576.0,2026-06-20 00:00:00
352,成都,西安,2026-06-21 12:15:00,2026-06-21 16:45:00,G203256,商务座,950,635,842.0,2026-06-20 00:00:00
353,成都,西安,2026-06-21 10:00:00,2026-06-21 14:00:00,G203434,商务座,559,554,630.0,2026-06-20 00:00:00
354,成都,西安,2026-06-22 15:30:00,2026-06-22 18:30:00,G509159,商务座,1147,493,777.0,2026-06-20 00:00:00
355,成都,西安,2026-06-22 09:00:00,2026-06-22 13:30:00,G203416,一等座,1023,61,569.0,2026-06-20 00:00:00
356,成都,西安,2026-06-22 16:30:00,2026-06-22 20:00:00,G203267,二等座,540,16,381.0,2026-06-20 00:00:00
357,成都,西安,2026-06-22 13:10:00,2026-06-22 18:10:00,G901229,商务座,570,385,665.0,2026-06-20 00:00:00
358,成都,西安,2026-06-22 17:45:00,2026-06-22 21:45:00,G203636,二等座,839,283,285.0,2026-06-20 00:00:00
359,成都,西安,2026-06-22 07:10:00,2026-06-22 12:10:00,G203156,一等座,923,373,505.0,2026-06-20 00:00:00
360,成都,西安,2026-06-23 19:20:00,2026-06-23 22:50:00,G611687,二等座,1191,215,265.0,2026-06-20 00:00:00
361,成都,西安,2026-06-23 16:30:00,2026-06-23 19:30:00,G407979,商务座,402,27,825.0,2026-06-20 00:00:00
362,成都,西安,2026-06-23 19:00:00,2026-06-23 22:30:00,G101283,一等座,792,158,468.0,2026-06-20 00:00:00
363,成都,西安,2026-06-23 20:45:00,2026-06-23 23:45:00,G901329,商务座,1071,863,972.0,2026-06-20 00:00:00
364,成都,西安,2026-06-23 11:05:00,2026-06-23 15:35:00,G611222,一等座,985,386,350.0,2026-06-20 00:00:00
365,成都,西安,2026-06-23 14:30:00,2026-06-23 17:30:00,G305170,二等座,447,210,332.0,2026-06-20 00:00:00
366,成都,西安,2026-06-24 19:10:00,2026-06-24 23:10:00,G611477,二等座,867,13,341.0,2026-06-20 00:00:00
367,成都,西安,2026-06-24 09:10:00,2026-06-24 14:10:00,G509477,商务座,648,480,897.0,2026-06-20 00:00:00
368,成都,西安,2026-06-24 15:15:00,2026-06-24 18:45:00,G901124,二等座,406,214,238.0,2026-06-20 00:00:00
369,成都,西安,2026-06-24 09:20:00,2026-06-24 13:20:00,G101969,一等座,1177,775,320.0,2026-06-20 00:00:00
370,成都,西安,2026-06-24 17:30:00,2026-06-24 21:30:00,G203603,二等座,643,434,335.0,2026-06-20 00:00:00
371,成都,西安,2026-06-24 06:05:00,2026-06-24 10:05:00,G203817,二等座,932,427,259.0,2026-06-20 00:00:00
372,成都,西安,2026-06-25 13:30:00,2026-06-25 16:30:00,G203176,商务座,1052,812,585.0,2026-06-20 00:00:00
373,成都,西安,2026-06-25 15:20:00,2026-06-25 18:20:00,G713367,商务座,642,303,582.0,2026-06-20 00:00:00
374,成都,西安,2026-06-25 19:10:00,2026-06-25 23:40:00,G611176,一等座,678,244,504.0,2026-06-20 00:00:00
375,成都,西安,2026-06-25 09:05:00,2026-06-25 14:05:00,G203577,二等座,568,465,227.0,2026-06-20 00:00:00
376,成都,西安,2026-06-25 11:15:00,2026-06-25 14:15:00,G901415,一等座,612,467,635.0,2026-06-20 00:00:00
377,成都,西安,2026-06-26 10:45:00,2026-06-26 13:45:00,G203141,二等座,711,622,375.0,2026-06-20 00:00:00
378,成都,西安,2026-06-26 09:45:00,2026-06-26 13:45:00,G305505,二等座,654,369,382.0,2026-06-20 00:00:00
379,成都,西安,2026-06-26 14:00:00,2026-06-26 18:00:00,G509669,二等座,814,468,207.0,2026-06-20 00:00:00
380,成都,西安,2026-06-26 17:20:00,2026-06-26 20:50:00,G203112,一等座,543,129,361.0,2026-06-20 00:00:00
381,成都,西安,2026-06-26 06:45:00,2026-06-26 10:15:00,G305745,二等座,781,707,302.0,2026-06-20 00:00:00
382,成都,西安,2026-06-26 16:00:00,2026-06-26 21:00:00,G509761,二等座,466,106,205.0,2026-06-20 00:00:00
